prefix,truth,might_right
rayberninnovation,ray bern innovation,raybern innovation
brondsy,brondsy,
alexandraqueen,alexandra queen,
subwaysummer,subway summer,
floxmaps,flox maps,
erintakingpics,erin taking pics,
dynacopassport,dynaco passport,
chapteronepsy,chapter one psy,chapterone psy
stocktondmvservices,stockton dmv services,
bonusverensiteler,bonus veren siteler,
sapienstreinamentos,sapiens treinamentos,
studywithflow,study with flow,
zavorpressurecooker,zavor pressure cooker,
ninjagaidentv,ninja gaiden tv,
beyondthesurfacetools,beyond the surface tools,
peltzwork,peltz work,
alvoatelier,alvo atelier,
alpacasofky,alpacas of ky,
bizzfundmarket,bizz fund market,bizzfund market
drofuspourlesnoobs,drofus pour les noobs,
electronicsremotesaccessories,electronics remotes accessories,
miroofingpros,mi roofing pros,
plaininvveest,plain invveest,plain in vveest
alinnevie,alinne vie,alinnevie
ogixonu,ogixonu,
devilsoftware,devil software,
socialrva,social rva,
resalebike,resale bike,
shundachina,shunda china,shun da china
nimacollection,nima collection,
kitteasy,kitt easy,kit teasy
dtspiritoriginal,dt spirit original,
linewatchsecurity,line watch security,
peakdemandhq,peak demand hq,
forexbexz,forex bexz,
tryguidepdx,try guide pdx,
wnmglobal,wnm global,
acutranslationinc,acu translation inc,
trivetsoftware,trivet software,
colelevesque,cole levesque,
shopcrownedthreads,shop crowned threads,
kokosorriso,koko sorriso,
helpallica,help allica,
forconcession,for concession,
clubhouseproperties,clubhouse properties,
dransetrips,dranse trips,
teresadhuggins,teresa d huggins,teresa dhuggins
hctinbox,hct inbox,
boniiblack,bonii black,
bizfundfasttrack,biz fund fast track,
ironycorps,irony corps,
blindhelps,blind helps,
hunterharmond,hunter harmond,
hiddenmomentscollection,hidden moments collection,
playnowme,play now me,
ferworks,fer works,
truepathcaregroup,true path care group,
lotushealthguardian,lotus health guardian,
neovortexplay,neo vortex play,
candersoninvestments,canderson investments,
iradanaturals,irada naturals,
beaugather,beau gather,
nouslabin,nous labin,
gathertunnel,gather tunnel,
valeriealvarez,valerie alvarez,
qiannaqouture,qianna qouture,qian na qouture
proelecplans,pro elec plans,
yomamasrootedliving,yo mamas rooted living,yomamas rooted living
westsresearch,wests research,
iamblackbase,i am black base,
overloadgains,overload gains,
decorativeconcretesealers,decorative concrete sealers,
simetajournal,simeta journal,si meta journal
bacherdelia,bacher delia,
aquacaresolarsystems,aqua care solar systems,
rojasautoglass,rojas auto glass,rojas autoglass
eczanesiparis,eczane siparis,
thegadgetjar,the gadget jar,
gabrielesarah,gabriele sarah,
bedfordcountytnchamber,bedford county tn chamber,
wateraccesscontrol,water access control,
eleganthustle,elegant hustle,
wincowork,win cowork,winco work
mercedesisgood,mercedes is good,
isaacolii,isaac olii,isaac ol ii
foremanrealestate,foreman real estate,foreman realestate
liwada,li wada,liwada
rahbasooq,rahba sooq,
veilystory,veily story,
ifitwillbe,if it will be,
completecommensal,complete commensal,
indiforgeprojects,indi forge projects,
hpsen,hp sen,
dockflowsystem,dock flow system,
sabrinoz,sabrinoz,
financebyzeng,finance by zeng,
siauditivo,si auditivo,
sditabatha,sdi tabatha,
renovomeds,renovo meds,
balancedairehvacservices,balanced aire hvac services,balance daire hvac services
portailpromaroc,portail pro maroc,
radicaljoyeveryday,radical joy everyday,
courtneyslittlelibrary,courtneys little library,
ncicbuild,ncic build,
srevenplushiesandcreations,sreven plushies and creations,
erikocar,eriko car,
concisepeptides,concise peptides,
lucidremember,lucid remember,
ironexllc,ironex llc,iron ex llc
fishersadvisory,fishers advisory,
senbion,senbion,sen bion
nxlegd,nx legd,nxlegd
drvelshealthcare,dr vels healthcare,
seattlervspace,seattle rv space,
gttenterpriseconnectivity,gtt enterprise connectivity,
villinz,villinz,
theblackall,the black all,
thelactcompanion,the lact companion,
assetanalyticslab,asset analytics lab,
edringenieria,edr ingenieria,
unotechmotors,uno tech motors,
alzchile,alz chile,
trinitysharpening,trinity sharpening,
gorgeoustour,gorgeous tour,
jozsapeter,jozsa peter,
findthenorm,find the norm,
avvocatodellelce,avvocato dell elce,avvocato dellelce
dokkaebitoons,dokkaebi toons,
oneworldchicago,one world chicago,oneworld chicago
xiaoshangbang,xiao shang bang,
solbanyans,sol banyans,solbanyans
goodstewardfarming,good steward farming,
doodleyacres,doodley acres,
riesgoia,riesgo ia,ries goia
michelesabrinasouzasilva,michele sabrina souza silva,
ymorimi,ymorimi,
recovermaxxing,recover maxxing,
lorynjackson,loryn jackson,
primepresscustoms,prime press customs,
chicscooter,chic scooter,
charenco,charen co,charenco
espectaculapp,espectacul app,
superhei,super hei,superhei
oguiadamulhersabia,o guia da mulher sabia,
newjaydindemo,new jaydin demo,
femifitstudio,femi fit studio,femifit studio
sustainabilityartproject,sustainability art project,
parrahqworks,parra hq works,parrahq works
kypinds,ky pinds,kypinds
zitbust,zit bust,
parchmentpulse,parchment pulse,
jonasrowell,jonas rowell,
iankeiller,ian keiller,
drshirishent,dr shirishent,dr shirish ent
chadslibrarylounge,chads library lounge,
moderntriple,modern triple,
memeod,meme od,memeod
biologyglitches,biology glitches,
taqatnaturals,taqat naturals,
archangelinvestco,archangel invest co,
westaypass,we stay pass,westay pass
brightcubeai,bright cube ai,
clevelandridge,cleveland ridge,
collegeorbits,college orbits,
tirasole,tira sole,tirasole
scamdomcon,scam dom con,scamdom con
kodahan,kodahan,koda han
philipscz,philips cz,
autohausholdings,autohaus holdings,
jabskorea,jabs korea,
istanbolsoft,istanbol soft,
pharmaciebendaoud,pharmacie bendaoud,
lyraapartamentos,lyra apartamentos,
nahoolgroup,nahool group,
everythinghallelujah,everything hallelujah,
noviaracosmetics,noviara cosmetics,
wereranked,were ranked,
aetherionbiotech,aetherion biotech,
scalerenovators,scale renovators,
sopadvisory,sop advisory,
buildecuador,build ecuador,
schoolriskadvisory,school risk advisory,
netgainperformance,net gain performance,
synnovaaco,synnova aco,
finadvicecentral,fin advice central,
thebogbox,the bog box,the bogbox
readybarriergroup,ready barrier group,
hellvillage,hell village,
brookevardiyoga,brooke vardi yoga,
gayforitasian,gay for it asian,
launchmysocial,launch my social,
coderauto,coder auto,code rauto
lkjtax,lkj tax,
abuiltt,a built t,abuiltt
soulviram,soul viram,
somosconsciente,somos consciente,
feralonyxium,feral onyxium,
miguelcwork,miguel c work,miguelc work
telenearby,tele nearby,
ctoika,c toika,ctoika
mlsmaxxing,mls maxxing,
brainbattlequiz,brain battle quiz,
wordieri,wordieri,word ieri
purechihuahuaau,pure chihuahua au,
getbucko,get bucko,
vidvancelearning,vidvance learning,vid vance learning
raushanme,raushan me,
mlsbiochelants,mls biochelants,
pornxluck,porn x luck,
devirtues,de virtues,devirtues
clevelandhomephotos,cleveland home photos,
insaigc,insaigc,in saigc
temporaryboyfryend,temporary boyfryend,temporary boy fryend
communityconnectapplabs,community connect app labs,
newriseglobal,new rise global,
thenextcompetitor,the next competitor,
nanocerebrum,nano cerebrum,
worldclasscultures,world class cultures,worldclass cultures
piloxsd,pilox sd,
gtmchamara,gtm chamara,
measureducation,measur education,measureducation
airagov,aira gov,
brownandwesthomes,brown and west homes,
icewedge,ice wedge,
xtreamreal,xtream real,
vapepodhub,vape pod hub,
truckpix,truck pix,
glevara,glevara,
employnetusa,employ net usa,employnet usa
atenadelphi,atena delphi,
enflogistics,enf logistics,
xoropointe,xoro pointe,
onitshaado,onitsha ado,
beatthelag,beat the lag,
startburnwe,start burn we,
maxrepcalculator,max rep calculator,
typescapehq,typescape hq,
babsangmeoli,babsang meoli,
techqil,tech qil,
naughtyarabs,naughty arabs,
thailongdigitek,thai long digitek,thai long digi tek
canyonmodular,canyon modular,
carletoncreations,carleton creations,
robosik,robosik,
mambaspells,mamba spells,
nordisksmil,nordisk smil,
constructionjls,construction jls,
fgstats,fg stats,
mywalkr,my walkr,
wppot,wp pot,
pokerresource,poker resource,
konmedya,kon medya,
donaislamsaronno,donaislam saronno,dona islam saronno
newportbeachcybersecurity,newport beach cybersecurity,newport beach cyber security
tanmayshetty,tanmay shetty,tan may shetty
ssraonlinecme,ssra online cme,
serenasphere,serena sphere,
dianjingbei,dian jing bei,
smartpetshub,smart pets hub,
gohealthsathi,go health sathi,
joinwact,join wact,
saglikbilgimerkezi,saglik bilgimerkezi,
resafanny,resa fanny,resafanny
innoasgreat,inno as great,
leadspulsepro,leads pulse pro,
zpgouwu,zp gou wu,zp gouwu
mrnohgroup,mr noh group,
littlechelbearls,little chel bearls,little chelbearls
cairoseries,cairo series,
esturkey,es turkey,
eastairdriemedical,east airdrie medical,
autopartesrulas,auto partes rulas,
heatplugzresell,heat plugz resell,
aivalearn,aiva learn,ai va learn
pcaatest,pcaa test,
npcchampionships,npc championships,
efihaara,efi haara,efihaara
pckankyolab,pc kankyo lab,
dtailedkleenz,dtailed kleenz,
adaptzonestoreshop,adapt zone store shop,adaptzone store shop
baiwanzhang,bai wan zhang,
skaapsspl,skaaps spl,
quantiimog,quanti imog,quantiimog
atlasmanagementandinvestment,atlas management and investment,
axokitchenequipments,axo kitchen equipments,
altrhuman,altr human,
weldercollective,welder collective,
haleysutter,haley sutter,
baileyandryan,bailey and ryan,
morilink,mori link,
emerlogistic,emer logistic,
forgeoutreachco,forge outreach co,
rxwgroup,rxw group,
mavindoarthajaya,mavindo artha jaya,
downtoearthediting,down to earth editing,
newpagecareers,new page careers,newpage careers
castdiscoveryhq,cast discovery hq,
sovakaraoke,sova karaoke,
yengoshop,yengo shop,
oralcove,oral cove,or alcove
oursacredhearts,our sacred hearts,
maishagala,maisha gala,
epapershunt,e papers hunt,epapers hunt
thetatertots,the tater tots,
maisonjumie,maison jumie,
trumentra,trumentra,
kakartu,kakartu,
ddaflatsnarela,dda flats narela,
bjsan,bj san,bjsan
blkbolt,blk bolt,
roadrushmedia,road rush media,
lakshmir,lakshmir,
houseoftradition,house of tradition,
koraessence,kora essence,
kawacrane,kawa crane,
luxybiebeauty,luxybie beauty,luxy bie beauty
whoreshoesfun,whore shoes fun,
sreetechsolutions,sree tech solutions,
ashmererecovery,ashmere recovery,
saltag,salt ag,saltag
reyperdido,rey perdido,
reknitai,reknit ai,re knit ai
bluediamondbet,blue diamond bet,
augenpraxisexperte,augenpraxis experte,
jubenshauk,juben shauk,
springuptramp,spring up tramp,
helixalindustrial,helixal industrial,
traderooapp,traderoo app,
westridgea,westridge a,
bricoferappia,brico ferappia,
etjelectricalltd,etj electrical ltd,
deborahepedro,deborah e pedro,deborah epedro
dcgatefabrication,dc gate fabrication,
nepagamedayshuttle,nepa game day shuttle,
limonedelgarda,limone del garda,
chartacapital,charta capital,
knuckleheadsgarage,knuckleheads garage,knuckle heads garage
dahiras,dahir as,dahiras
forgetwho,forget who,
luckymadzaofwoodbridge,lucky madza of woodbridge,
evangranger,evan granger,
varleyonlineuae,varleyonline uae,varley online uae
basehelps,base helps,
letombstoneko,le tombstone ko,
trustmedglobaleducation,trust med global education,
westerncanadians,western canadians,
wavewellnessstudio,wave wellness studio,
northaurum,north aurum,
blowbackllc,blowback llc,
arrivbook,arriv book,
revelationrealtors,revelation realtors,
nexima,nexima,
vendmacplacement,vend mac placement,vendmac placement
agiscroll,agi scroll,
bizsherpavolunteers,biz sherpa volunteers,
takserviceswa,tak services wa,
volopointe,volo pointe,
elsabordelcaribe,el sabor del caribe,
converot,converot,
aplestore,aple store,
maxentrixa,max entrixa,
marloroussos,marlo roussos,mar loroussos
doublemlandsoluti,double m land soluti,double mland soluti
wikimen,wiki men,
joyplasticmachinery,joy plastic machinery,
atlanticwasteops,atlantic waste ops,
connordeegan,connor deegan,
irenetells,irene tells,
abideinfaith,abide in faith,
jemdesignandmarketing,jem design and marketing,
fiberbeverage,fiber beverage,
thestonejackson,the stone jackson,
thetravelkites,the travel kites,
localcactusgarden,local cactus garden,
fssingapore,fs singapore,
konductro,konductro,
shikarliving,shikar living,
staftexstaffordtextiles,staftex stafford textiles,
theskinexpertslb,the skin experts lb,
nursechartpro,nurse chart pro,
romalperera,romal perera,
solidspider,solid spider,
mayurimango,mayuri mango,
cloudinohost,cloudino host,
dbfteksolutionsllc,dbf tek solutions llc,
geoffhalpincomedy,geoff halpin comedy,
drivebookapp,drivebook app,drive book app
atlancel,atlan cel,at lancel
pacificback,pacific back,
stilldotstudio,still dot studio,
nexushubec,nexus hubec,nexus hub ec
auntielon,auntie lon,
swarghealthresort,swarg health resort,
gomayaairecruiter,go maya ai recruiter,gomaya ai recruiter
asuntoinnovaatio,asunto innovaatio,asunto innova a tio
arnolegacy,arno legacy,
parkresta,park resta,parkresta
mantouxie,mantou xie,man tou xie
mineralatlasi,mineral atlasi,
wagiya,wagiya,
narsanteknikservis,narsan teknikservis,
cobidatphcm,cobidat phcm,
astroaweseeker,astro awe seeker,astroawe seeker
mmcsignmeup,mmc sign me up,
beenocore,beeno core,been o core
vswilson,vs wilson,
danielleschuster,danielle schuster,
petsworldmx,pets world mx,
ayorax,ayorax,
sandracarrhillliteraryhub,sandra carr hill literary hub,sandracarrhill literary hub
wetechoutsourcing,we tech outsourcing,
elizaavilarealtor,eliza avila realtor,
juneiyamamoto,junei yamamoto,
caboroigsun,cabo roig sun,
yxjunwan,yx jun wan,
openwealthlab,open wealth lab,
eskisehirdeusta,eskisehir de usta,
pabloscarafia,pablo scarafia,
petfurlove,pet fur love,
annabowden,anna bowden,
projectinternetofthings,project internet of things,
belvryn,belvryn,
kitchenaccessoriesdepot,kitchen accessories depot,
rivalreplay,rival replay,
parentsofparagon,parents of paragon,
omeufinanceiro,o meu financeiro,omeu financeiro
myblas,my blas,
gounclefunky,go uncle funky,
fayeezlondon,fayeez london,
dilatedmycology,dilated mycology,
saasnetworker,saas networker,saas net worker
sociooncologie,socio oncologie,sociooncologie
goodemulator,good emulator,
emmawalmsleyaffiliate,emma walmsley affiliate,
fieldfoundryco,field foundry co,
jmjdetailsconstruction,jmj details construction,
caselapergolastromboli,case la pergola stromboli,
regularmarkets,regular markets,
gethydralab,get hydra lab,
londonukwork,london uk work,
gotpipelineai,got pipeline ai,
banestecodes,baneste codes,
adsrapido,ads rapido,
looperdesigns,looper designs,
prospeedrc,pro speed rc,prospeed rc
okokluzpg,okok luz pg,
boardandbriegrazing,board and brie grazing,
bantuverse,bantu verse,
neureto,neureto,neure to
dorissierracasas,doris sierra casas,
missioncriticalgovernance,mission critical governance,
castlehappy,castle happy,
hollerbackfirm,hollerback firm,holler back firm
yapayhoca,yapay hoca,
azunes,azunes,
xxpak,xx pak,
erbschaftretten,erbschaft retten,
incloudeducation,in cloud education,incloud education
frumzbrand,frumz brand,
cocohertv,coco her tv,
leafian,leaf ian,
veercase,veer case,
nicayah,nicayah,
silhouettesole,silhouette sole,
getsubmio,get submio,
pragmaticprosoftware,pragmatic pro software,
truepairproperties,true pair properties,
rhodelove,rhode love,
nafpliorib,nafpliorib,nafplio rib
aderojs,aderojs,
runxinshe,run xin she,
uecktk,uecktk,
ntmodvsa,nt mod vsa,
getecoute,get ecoute,
rosanasbatista,rosana sbatista,rosanas batista
boosteron,booster on,boos teron
xperformanceai,x performance ai,
ccoatingsaz,c coatings az,ccoatings az
fertigenescreen,fertigene screen,fertige ne screen
bulksoakwells,bulk soak wells,bulks oak wells
yurikosin,yuriko sin,yuri kosin
brandpulsedata,brand pulse data,
sugrbabe,sugr babe,
cluberix,club erix,cluberix
flayresoftware,flayre software,
fratellibertonesrl,fratelli bertone srl,
doinghonolulu,doing honolulu,
solaribrowser,solari browser,solar ibrowser
heyhomeglowlab,hey home glow lab,
digitalfootballcollectibles,digital football collectibles,
selliotec,selliotec,sellio tec
rabasketballacademy,ra basketball academy,
waitbrowhat,wait bro what,wait brow hat
fertifabenefitshq,fertifa benefits hq,
mirrormirrorbeautyaesthetics,mirror mirror beauty aesthetics,
mealsbybeth,meals by beth,
evertondigitalmarketing,everton digital marketing,
vitalityshowdaily,vitality show daily,
arspsychedelia,ars psychedelia,
bittersilas,bitter silas,
rabbimoshelevi,rabbi moshe levi,rabbi moshelevi
koqzgame,koqz game,
valerean,valerean,valere an
folkeappel,folke appel,
apothecarydiariess,apothecary diariess,apothecary diaries s
academiegenerationia,academie generation ia,academie generationia
harborcrestpg,harbor crest pg,
thedeskbit,the desk bit,the deskbit
casdelsign,cas del sign,casdel sign
rampartrestoration,rampart restoration,
feedsentry,feed sentry,
communitycoreapphq,community core app hq,
subciccane,sub ciccane,
lenspadanang,lens padanang,
notilumen,noti lumen,
sincarm,sin carm,sincarm
kuwenba,ku wen ba,
offshoreseajobs,offshore sea jobs,
advancedteknology,advanced teknology,
brownbyrdbusiness,brown byrd business,brownbyrd business
basecampatred,basecamp at red,
ygyogo,yg yogo,
setapartpathways,set apart pathways,
cityshinebd,city shine bd,
nirmalagarbatti,nirmal agarbatti,
amzprofitpipeline,amz profit pipeline,
velifenutrition,velife nutrition,ve life nutrition
inbalullmann,inbal ullmann,
paoapi,pao api,
novaphoneai,nova phone ai,novaphone ai
cinuvo,cinuvo,
laculturalaformazione,la cultura la formazione,
cardlapse,card lapse,
anyuagroexports,anyu agro exports,
globallinksconsultant,global links consultant,
iesolidarite,ie solidarite,
zonikasmith,zonika smith,
tooldynamo,tool dynamo,
weplaneo,we planeo,weplane o
annaskusina,anna skusina,annaskusina
zonetopten,zone top ten,
huicaixing,hui cai xing,
dogasunideri,doga sunideri,
europechauffer,europe chauffer,
ruisiy,ruisiy,rui siy
bookedbybridget,booked by bridget,
houbaba,hou baba,houbaba
thepickedlock,the picked lock,
odontologoquito,odontologo quito,
yiyihatbody,yiyi hat body,
xamder,xamder,
kahamafreshltd,kahama fresh ltd,
propheticministryforthenations,prophetic ministry for the nations,
sxjiexin,sx jie xin,
clothandchronicle,cloth and chronicle,
elvronth,elvronth,
wijayakin,wijaya kin,
compaward,comp award,
tprtransport,tpr transport,
trytopstudio,try top studio,
cruisingfrenchpolynesia,cruising french polynesia,
yaxinsec,yaxin sec,ya xin sec
keelyandbozgh,keely and boz gh,keelyandbozgh
alessandracruza,alessandra cruza,
cullfishing,cull fishing,
stoicnotes,stoic notes,
hanjingpartner,han jing partner,
theruggedscholar,the rugged scholar,
kbwittphotography,kb witt photography,
travelagentkerala,travel agent kerala,
sabarmotor,sabar motor,
whynotbabe,why not babe,
sterlingridgeventures,sterling ridge ventures,
trythesdlabteam,try the sd lab team,try thesd lab team
etereahome,eterea home,
fimjep,fim jep,
coinclimbs,coin climbs,
thirdcab,third cab,
shuleenmachinery,shuleen machinery,
breatheeasyroofing,breathe easy roofing,
itlogico,it logico,
wouldntyouliketobefree,wouldnt you like to be free,
angloauntys,anglo auntys,angloauntys
weekberry,week berry,
maganhotels,magan hotels,
dutchdelitebakery,dutch delite bakery,
ubboseoagency,ubbo seo agency,ubboseo agency
lovepetwoof,love pet woof,
homeculturebydesign,home culture by design,
gihylcareer,gihyl career,
uniontre,union tre,
tommyhilfigerracetowin,tommy hilfiger race to win,tommyhilfiger race to win
worldartsreview,world arts review,
ecosahotels,ecosa hotels,
dxcasi,dx casi,dxcasi
alaskawildsalmonseafood,alaska wild salmon seafood,
rochelisternheim,rocheli sternheim,
deferrobanyoles,de ferro banyoles,deferro banyoles
joinmpgstaffing,join mpg staffing,
gymskwear,gym sk wear,gymsk wear
forgynn,for gynn,forgynn
widehonor,wide honor,
babyrandomnames,baby random names,
thegildedmortar,the gilded mortar,
forogastronomiaocio,foro gastronomia ocio,
honglongksm,hong long ksm,
realityflows,reality flows,
modernivoryevents,modern ivory events,
jonsconstruction,jons construction,
saybytes,say bytes,
mykibli,my kibli,mykibli
kidsandbounces,kids and bounces,
tryventurelevate,try venture levate,try venturelevate
gilbertcivil,gilbert civil,
imevafit,imeva fit,imevafit
gamingdraftleague,gaming draft league,
crispeterli,cris peterli,crispeterli
theconstellated,the constellated,
skipseed,skip seed,skipseed
skakketechnology,skakke technology,
niagarapoolbuilders,niagara pool builders,
royalranktech,royal rank tech,
fotojeny,foto jeny,
britvapelab,brit vape lab,
allalamraoui,all alamraoui,allalamraoui
eventweddingplanner,event wedding planner,
jamaiteastall,jamai tea stall,jamai teastall
solterrabulbs,solterra bulbs,
casalsa,casa lsa,casalsa
allprointerviews,all pro interviews,
walsworthcommunitycenter,walsworth community center,
gpflegt,g pflegt,
forestposter,forest poster,
eventstaffservice,event staff service,
coloradohoalaw,colorado hoa law,
viscontiacademy,visconti academy,
caimiwang,cai mi wang,
tetapower,teta power,
wafermaneuver,wafer maneuver,
premiumclearbottlewaterbedconditioner,premium clear bottle waterbed conditioner,
boutiquebirthday,boutique birthday,
ryoden,ryoden,
amsterdambeeracademy,amsterdam beer academy,
americancakecompany,american cake company,
brucependleberryacupuncture,bruce pendleberry acupuncture,
eroticplayhouse,erotic playhouse,
feierbazhen,fei er ba zhen,feier bazhen
odontovera,odonto vera,
scottandnicole,scott and nicole,
alohayoga,aloha yoga,
quinoasuperfood,quinoa superfood,
duvalpublicschools,duval public schools,
twomenandatruckaurora,two men and a truck aurora,
stevekooblog,steve koo blog,
tokonameshaken,tokoname shaken,
prefabricadosdelpacifico,prefabricados del pacifico,
lovaburgernewbaltimore,lova burger new baltimore,
essentialcombos,essential combos,
mestredoamor,mestre do amor,
rushfor,rush for,
greganddeb,greg and deb,
goglewallet,gogle wallet,
titostint,titos tint,
luckystrikecottages,lucky strike cottages,
iptiny,ip tiny,
greenofficesolutions,green office solutions,
entrepreneuriallifestyle,entrepreneurial lifestyle,
intermegaltd,intermega ltd,inter mega ltd
caiagua,cai agua,
broodbikeco,brood bike co,
khcoo,khcoo,
bullcock,bull cock,
sdainuo,sd ainuo,sdainuo
getmomuffinspittsburgh,get mo muffins pittsburgh,
artbymoa,art by moa,
vckair,vck air,
bonavistore,bonavi store,
mlinkcom,mlink com,
pitilleras,pitilleras,
chinaygb,china ygb,
kentvancleave,kent van cleave,kent vancleave
bjoraclesdp,bj oracle sdp,
prudentialiso,prudential iso,
sisuphan,sisu phan,
shinhancardauto,shinhan card auto,
johnnybenet,johnny benet,
rezenforeverything,rezen for everything,
doyourhw,do your hw,
totalpestmanagement,total pest management,
besthindifilms,best hindi films,
sweetcraftjewelry,sweet craft jewelry,
facilitationbootcamp,facilitation bootcamp,
xyjinhui,xy jinhui,xy jin hui
happinesstakeswork,happiness takes work,
blackisgreenpoly,black is green poly,
felixqgarcia,felix q garcia,
bysagar,by sagar,
kickassdoors,kickass doors,kick ass doors
greentechcostarica,green tech costa rica,
smrailways,sm railways,
jpcreditcard,jp credit card,
dailyamateurs,daily amateurs,
jierenzhym,jie ren zhy m,jie ren zhym
elijahelvenstar,elijah elvenstar,elijah elven star
tantimecondos,tantime condos,tan time condos
girlofyesteryear,girl of yesteryear,
tombrodersen,tom brodersen,
thegodzone,the god zone,the godzone
stampedconcretepatios,stamped concrete patios,
betterpork,better pork,
sendthere,send there,
smilenorthville,smile northville,
decorativeconcretesealer,decorative concrete sealer,
pickpoland,pick poland,
lettercrack,letter crack,
foresighthq,foresight hq,
dallasroofingmgmt,dallas roofing mgmt,
monacomarineusa,monaco marine usa,
kewlmedia,kewl media,
gmfinnacial,gm finnacial,
sommerlove,sommer love,
theorganizermalta,the organizer malta,
supremeepoxysolutionsfl,supreme epoxy solutions fl,
esmasdinero,es mas dinero,
thehudsonsmakeahome,the hudsons make a home,
amzonewarehouse,amzone warehouse,am zone warehouse
cloudflarenet,cloudflare net,
yeahradio,yeah radio,
baixiaole,bai xiao le,
familylawlawyerstlouismo,family law lawyers st louis mo,
analistasencontroldecalidad,analistas en control de calidad,
freshcoatspainters,freshcoatspainters,fresh coats painters
hscoltd,hs co ltd,hsco ltd
bankofameri,bank of ameri,
gkalson,gkalson,
behindtheevents,behind the events,
emailalertrss,email alert rss,
ravongreen,ravon green,
ucloudus,ucloud us,u cloud us
howtoopenahomecareagency,how to open a home care agency,
suboworld,subo world,
nouveautoys,nouveau toys,
larshartman,lars hartman,
spacepetrol,space petrol,
miznergranderealty,mizner grande realty,
condoinsouthsurrey,condo in south surrey,
geuwa,geuwa,
coloradospringsswitchbacksfootballclub,colorado springs switchbacks football club,
fotera,fotera,
wbjy,wbjy,
qunfei,qunfei,qun fei
plugnplaycart,plug n play cart,
georgesrestaurantbrooklyn,georges restaurant brooklyn,
websecurityweekly,web security weekly,
romsdesign,roms design,
magictrickexpress,magic trick express,
rogerhuddlestone,roger huddlestone,
leadballoon,lead balloon,
johnsdrug,johns drug,
eseskartingpaintball,eses karting paintball,
coinmelt,coin melt,
onceasif,once as if,
nikigostaranfund,niki gostaran fund,
bridgingcc,bridging cc,
wikiblackmarket,wiki black market,
astrologerbarbara,astrologer barbara,
carewplanninggroup,carew planning group,
credamerica,cred america,
sindhujp,sindhu jp,
cyberinjustice,cyber injustice,
connectedvent,connect ed vent,connected vent
theclearwings,the clear wings,
lubiepomagac,lubie pomagac,
santeinstitute,sante institute,
pawlyearth,pawly earth,
kmmeishini,km meishini,
kinderaerzte,kinderaerzte,kinder aerzte
sanjosetruckrepairservice,san jose truck repair service,
msdecorations,ms decorations,
peppads,pep pads,
fshhclink,fshhc link,
pugetsoundis,puget sound is,
acquisitionsupport,acquisition support,
thecatererpuntagorda,the caterer punta gorda,
underwatercams,underwater cams,
theendangeredanimalsite,the endangered animal site,
pjrubinlaw,pj rubin law,
westsidelawtx,westside law tx,west side law tx
gipperandclipper,gipper and clipper,
xingzhanfengbao,xing zhan feng bao,
sopchoppyopry,sopchoppy opry,
ipsosnova,ipsos nova,
casaschiricanas,casas chiricanas,
marinakalogirou,marina kalogirou,
curvedseacabin,curved sea cabin,
mikemcd,mike mcd,
unitedcongoleseparty,united congolese party,
ultradoable,ultra doable,
gershongrowthmindsets,gershon growth mindsets,
ntranga,ntranga,
writedirty,write dirty,
dexterpanganiban,dexter panganiban,
oklahomacitysprinterrepair,oklahoma city sprinter repair,
candidyellowpages,candid yellow pages,
signiadevelopments,signia developments,
helpinghandsva,helping hands va,
soldonsheridan,sold on sheridan,
semullit,semullit,
dvdrentalstore,dvd rental store,
karensandoval,karen sandoval,
wufuwei,wu fu wei,
poemchina,poem china,
johnmveltri,john m veltri,
lovequora,love quora,
luxubiao,lu xu biao,
xpermissionless,x permissionless,x permission less
barryseconomics,barrys economics,
renovaregen,renova regen,
diamorejewels,diamore jewels,
kinneymoving,kinney moving,
bonuscollective,bonus collective,
alaskanstransports,alaskans transports,
mvprawlings,mvp rawlings,
nexusworkstation,nexus workstation,
santahelenaresortcuracao,santa helena resort curacao,
gambitstore,gambit store,
utbyteliu,ut byte liu,
larenikh,laren ikh,larenikh
abmatech,abma tech,
zerointerestinnercircle,zero interest inner circle,
techvarty,tech varty,
kearcosmetics,kear cosmetics,
peekingpaws,peeking paws,
craneinsure,crane insure,
theastracircle,the astra circle,
aauniversallimited,aa universal limited,
recdsports,recd sports,
otosemi,oto semi,
basecloudapps,base cloud apps,
airopsaxis,airops axis,
chopbatik,chop batik,
coastmotorclub,coast motor club,
joinpspc,join pspc,
ialohaworld,i aloha world,
nbhvacrentalprogram,nb hvac rental program,
fastlogistixus,fast logistix us,
omorestudiossg,omore studios sg,
xihasushi,xiha sushi,xi ha sushi
copenhagennightlife,copenhagen nightlife,
blastawayexteriors,blastaway exteriors,blast away exteriors
clfholding,clf holding,
plotroute,plot route,
bnutritionandwellness,b nutrition and wellness,
pierredusoleil,pierre du soleil,
jgoglobal,jgo global,
pocketprintsart,pocket prints art,
sparknflo,spark n flo,
francescadiroma,francesca di roma,
simplemis,simple mis,
perceptioninfrastructure,perception infrastructure,
startdefinima,start definima,
implementaonline,implementa online,
happyhairsllc,happy hairs llc,
patalktherapy,pa talk therapy,
codecanvass,code canvass,
virtuevitality,virtue vitality,
minutesnews,minutes news,
mydecorchateau,my decor chateau,
refiningedgeworks,refining edge works,
plumberinbaskingridge,plumber in basking ridge,
franklloydwrightinfo,frank lloyd wright info,
caddiehax,caddie hax,
utilitylifes,utility lifes,
chadandersonlawfirm,chad anderson law firm,
moresalesfunnels,more sales funnels,
vantagesalesreview,vantage sales review,
rfltrainingsolutions,rfl training solutions,
kolenisupplements,koleni supplements,
guochanxq,guo chan xq,
somoskwinna,somos kwinna,
nowetas,nowetas,
galateagames,galatea games,
theproducerden,the producer den,
rnicrosoftnotbook,rnicrosoft notbook,
hbcarwashcoffeebar,hb carwash coffee bar,hb car wash coffee bar
gamesyepi,games yepi,
westbayimmigration,westbay immigration,west bay immigration
coffeewindmill,coffee windmill,
emmakes,em makes,
yyweiyigou,yy wei yi gou,
printsignglobal,print sign global,
aproposcatering,apropos catering,
norluxa,norluxa,
usecell,use cell,
shadowsignls,shadow signls,
zabihahalalstreetjunkies,zabiha halal street junkies,
begadownsmotorinn,bega downs motor inn,
sidipaints,sidi paints,
marxtechs,marx techs,
pristinetotalcare,pristine total care,
flexraid,flex raid,
burzcreditonline,burz credit online,
koreansales,korean sales,
taifcoffee,taif coffee,
soccerinaurora,soccer in aurora,
cjbeautyco,cj beauty co,
katsfiredealz,kats fire dealz,katsfire dealz
fenerowindows,fenero windows,
saasnook,saas nook,
acbetlogin,ac bet login,
safespinhaven,safe spin haven,
takedaseisakujo,takeda seisakujo,
niagarafallsnyc,niagara falls nyc,
barmoratorrevieja,bar mora torrevieja,
uniqueconvertedchurchforsale,unique converted church for sale,
gelyft,gelyft,
makukhanye,maku khanye,
wargameguru,war game guru,wargame guru
dazacleaningservices,daza cleaning services,
athmoric,athmoric,
ektasvegkitchen,ektas veg kitchen,
piecepeptides,piece peptides,
funivate,funivate,
aviranuma,aviran uma,avira numa
ismailcollective,ismail collective,
daeseunginternational,daeseung international,dae seung international
middleschooldesignlab,middle school design lab,
systemmex,system mex,
blackthorndataadvisory,blackthorn data advisory,
tselderllc,ts elder llc,
tiyhana,tiyhana,
vidimbolje,vidim bolje,
wattvio,wattvio,
hellofl,hello fl,
atlantafurniturerepair,atlanta furniture repair,
velhobardo,velho bardo,
maddiescreativemind,maddies creative mind,
gttnetservices,gtt net services,
americanforkutahhvac,american fork utah hvac,
bestkeptwell,best kept well,best keptwell
elitemommyliving,elite mommy living,elitemommy living
noxvely,noxvely,
strongspinellc,strong spine llc,
theveterandirectorynetwork,the veteran directory network,
basedgnosis,based gnosis,
jameimkka,jameimkka,
christhallinstitute,chris thall institute,
salmapharmacy,salma pharmacy,
ironbyjade,iron by jade,
tinytalkz,tiny talkz,
mochibullet,mochi bullet,
aetherhiveai,aether hive ai,
theshubclub,the shub club,
nobleschoolbandiyod,noble school bandiyod,
mylaborlift,my labor lift,
clubproducto,club producto,
parijatfashion,parijat fashion,
sterlingelzafestival,sterling elza festival,
kingroyalturkiyeadres,king royal turkiye adres,
passpeptide,pass peptide,
winnersdesigns,winners designs,
aysunisiklar,aysun isiklar,
topbookreviewers,top book reviewers,
mamafitstudio,mama fit studio,
sawchukphotography,sawchuk photography,
builderfastlane,builder fastlane,builder fast lane
pinatapizzas,pinata pizzas,
favorigidaweb,favori gida web,favorigida web
highesthealingtarot,highest healing tarot,
lesateliersdarmide,les ateliers darmide,
petitesquest,petites quest,
healthcaresults,health care sults,healthcare sults
startanagentcompany,start an agent company,
suvguyscanada,suv guys canada,
pushpatches,push patches,
peptidesexpres,peptides expres,
scheyigg,scheyigg,
laurinbracher,laurin bracher,
daisukimanga,daisuki manga,
bunnspecial,bunn special,
netlinelaunchpad,netline launchpad,net line launchpad
digitalpflegezentrum,digital pflegezentrum,
chenzhenkeji,chen zhen keji,chen zhen ke ji
therevenuementor,the revenue mentor,
suppmedi,supp medi,
sanitizesolutionsco,sanitize solutions co,
inkjetkart,inkjet kart,
tkjenterprisesllc,tkj enterprises llc,
flykestral,fly kestral,
ubanjielectrical,ubanji electrical,
tierradegigantess,tierra de gigantess,
cruisenationgaming,cruise nation gaming,
elenacaballerom,elena caballero m,
capstonemeded,capstone med ed,
foundafit,founda fit,found a fit
sleepsoundpod,sleep sound pod,
opsdeals,ops deals,
blacktalentwear,black talent wear,
kwrealtylivingston,kw realty livingston,kwrealty livingston
faceboklogin,facebok login,face bok login
codebreakercommunications,code breaker communications,codebreaker communications
amperarindu,ampera rindu,
jshrecruiting,jsh recruiting,
huangjindian,huang jin dian,huangjindian
guardproexteriors,guard pro exteriors,
dharmaexplained,dharma explained,
chocolatewineandcheese,chocolate wine and cheese,
therevivallabs,the revival labs,
caligrup,cali grup,
vnradar,vn radar,
pouus,pouus,
appetaria,appetaria,
aoehauling,aoe hauling,
cassaapp,cassa app,
gradysgrill,gradys grill,
heartsmend,hearts mend,
sreeramkr,sreeram kr,
widetuna,wide tuna,
andrewallenmusic,andrew allen music,
trebolwine,trebol wine,
futsalseries,futsal series,
therapywithshari,therapy with shari,
polkajammernetwork,polka jammer network,
greenspick,greens pick,
restoredsleeping,restored sleeping,
vitalmassagepro,vital massage pro,
kaijushare,kaiju share,
aeithos,aeithos,
ehuatong,e hua tong,ehua tong
praescientsoftware,praescient software,
memoirandum,memoirandum,
kadaiveedhistore,kadai veedhi store,
eastcoastconveyancing,east coast conveyancing,
goldenpentecostal,golden pentecostal,
mckeencastellaniwedding,mckeen castellani wedding,
chitraconstruction,chitra construction,
casacrosetti,casa crosetti,
nonewgasinmd,no new gas in md,
centralfloridahvachelp,central florida hvac help,
multivictimsuicidetragedy,multi victim suicide tragedy,multivictim suicide tragedy
miamivalleymarketplace,miami valley marketplace,
wiredandable,wired and able,
jamcosolutionsllc,jamco solutions llc,
auemanteybandedaed,auemante y bandeda ed,
rpmculture,rpm culture,
thecounselingcrew,the counseling crew,
csupiezo,csu piezo,
noblehomecarellc,noble home care llc,
broadfieldco,broadfield co,
tiktshop,tikt shop,
ktmdainiki,ktm dainiki,
ytjinbiao,yt jin biao,yt jinbiao
mycoffeeandcigar,my coffee and cigar,
vacoba,vacoba,
forgivenchristianclothing,forgiven christian clothing,
blognotanime,blog not anime,
automindx,auto mindx,
handyandypw,handy andy pw,
knightlites,knight lites,
brysora,brysora,
heatmastercattle,heatmaster cattle,heat master cattle
chiararotiseria,chiara rotiseria,
nooranium,noor anium,
kaelblog,kael blog,
riricode,riri code,
mysticpointwatersports,mystic point water sports,
elitemideg,elite mideg,
needhamhandcarwash,needham hand car wash,
mosaicutility,mosaic utility,
giannipan,gianni pan,
jdmarcos,jd marcos,
bnnishretrnx,bnnishretrnx,
xcodevs,xcode vs,
essaysthatkill,essays that kill,
thebestingredient,the best ingredient,
huachumedia,hua chu media,huachu media
elmeralvarez,elmer alvarez,
ryslykjx,ryslykjx,
nollyvibe,nolly vibe,
jinxiua,jin xiu a,jinxiu a
topowall,topo wall,
grdtravels,grd travels,
madresenama,madres en ama,
beachumbrellaanchorforsand,beach umbrella anchor for sand,
happysunnykitchen,happy sunny kitchen,
appmdus,app mdus,
lopsienelfutbol,lopsi en el futbol,
pagbemm,pag bemm,
jenniferrossgroupllc,jennifer ross group llc,
bitsoho,bit soho,
givingtreelife,giving tree life,
tudopharma,tudo pharma,
londonslotlite,london slot lite,
globetufters,globe tufters,
sommerabroad,sommer abroad,
orbithubs,orbit hubs,
roxfill,rox fill,
disciplingtheone,discipling the one,
janakivastrabysree,janaki vastra by sree,janakivastra by sree
dhelge,d helge,
hustlerbudget,hustler budget,
tregkos,tregkos,
thegridnine,the grid nine,
ivrtechnovationinnovationivorgenmasterwebtwo,ivr technovation innovation ivorgen master web two,
veteventsfl,vet events fl,
prontosuretybonds,pronto surety bonds,
veridianlifestyle,veridian lifestyle,
overpathpipelineco,over path pipeline co,
mydocsadvisor,my docs advisor,
grasshopperpressurewashing,grasshopper pressure washing,
detroitwellnesssocial,detroit wellness social,
steventhomasbooks,steven thomas books,
slowslowwait,slow slow wait,
careertryout,career tryout,
avocatpharmaceutique,avocat pharmaceutique,
clutchpunch,clutch punch,
dubshackrecords,dub shack records,
eixoimobiliario,eixo imobiliario,
powerstrimmers,power strimmers,
wealthmindsetreset,wealth mindset reset,
bigdaddydumpling,big daddy dumpling,
nurturingtheway,nurturing the way,
nostalgiabedandbreakfast,nostalgia bed and breakfast,
wavpress,wav press,
sapiengeno,sapien geno,
tekutaku,tekutaku,
ilovecleancolumbia,i love clean columbia,
tipsytokens,tipsy tokens,
aieisk,aie isk,
complylensapp,comply lens app,
thedogsocietyclub,the dog society club,
jcoestaterenovations,jco estate renovations,
memengram,memengram,meme ngram
codesingularity,code singularity,
kuhwa,kuhwa,
qqrpyou,qqrp you,
edgelinesportswire,edgeline sportswire,
rissaverse,rissa verse,
acjobsforvets,ac jobs for vets,
jaboneriadesuval,jaboneria de suval,
soukorient,souk orient,
familyunityri,family unity ri,
startyourdays,start your days,
clashmat,clash mat,
zqmry,zqmry,
lanternlightaz,lantern light az,
startupvidz,startup vidz,
xaunox,xaunox,
futureartaai,future arta ai,
dublintraumacounseling,dublin trauma counseling,
newzzapp,newzz app,
elenevinnie,elene vinnie,
thehealthresus,the health resus,
tengenmind,tengen mind,
aarthiblogs,aarthi blogs,
wellnessescapebnb,wellness escape bnb,
madisonkeithdesigns,madison keith designs,
simmonslearningsystemsinc,simmons learning systems inc,
allinoneedgar,all in one edgar,
coffeefellas,coffee fellas,
mykittycoin,my kitty coin,my kittycoin
lifelinkct,life link ct,
hogaresmorelos,hogares morelos,
beingbravetour,being brave tour,
homesteadjourneyco,homestead journey co,
tukoudai,tu kou dai,tukou dai
brlstolbmusa,brl stolb musa,
cadenaromantica,cadena romantica,
shreeroofings,shree roofings,
blissweddingus,bliss wedding us,
thaumatechne,thauma techne,
cupidtomes,cupid tomes,
daddysgirlbook,daddys girl book,
selectcbdmd,select cbd md,
thomaslanesounds,thomas lane sounds,
emilykitchenkl,emily kitchen kl,
janetsutherlandwriter,janet sutherland writer,
tearreglo,te arreglo,
worldofmala,world of mala,
praythroughmay,pray through may,
glityhaugns,glityhaugns,
thehatranchatx,the hat ranch atx,
ganpatimovers,ganpati movers,
livermorecyclery,livermore cyclery,
ouzinasaharadesert,ouzina sahara desert,
newmaturexxx,new mature xxx,
rachelandronald,rachel and ronald,
supremetechaxis,supreme tech axis,
rhprimegestao,rh prime gestao,
craisler,craisler,
hyydsoft,hyyd soft,
gxkzmy,gxkzmy,
bigtreeplantingco,big tree planting co,
mednavidata,mednavi data,
alphaintegrator,alpha integrator,
virtualzoneits,virtual zone its,
tjysj,tjysj,
harurudiet,haruru diet,
visametrica,visa metrica,
greenlightdossier,green light dossier,
afehealth,afe health,
blushbirdieco,blush birdie co,
benaiahcapital,benaiah capital,
happyhinesfarms,happy hines farms,
bjorgknits,bjorg knits,
aplyv,aplyv,
marcusdh,marcus dh,
bluezonenikoya,blue zone nikoya,
subagentceo,subagent ceo,sub agent ceo
hiretribal,hire tribal,
kaitlynbingham,kaitlyn bingham,
shorememories,shore memories,
godmegaphone,god megaphone,
thehansdekker,the hans dekker,
daverland,daver land,
uglychair,ugly chair,
usemaxly,use maxly,
scribblessence,scribblessence,
hotelpricesrilanka,hotel price sri lanka,
scuolainfanzialucchini,scuola infanzia lucchini,
pcockint,pcock int,
flyersvolleyballclub,flyers volleyball club,
cathysaige,cathy saige,
centropsicologiasendin,centro psicologia sendin,
pulsepointfr,pulse point fr,
moonlitaugury,moonlit augury,
prefiromorrerbaleia,prefiro morrer baleia,
petsjar,pets jar,
sandrasorianoart,sandra soriano art,
basemarkers,base markers,
changfengyinchuang,chang feng yin chuang,
bestonlinesexwebcamssun,best online sex webcams sun,
panelcitkayseri,panel cit kayseri,
meisterfoxhrconsulting,meister fox hr consulting,
cloudpang,cloud pang,
ibolaslot,i bola slot,ibola slot
footballinplaypro,football in play pro,
fluxfirellc,flux fire llc,
thecqb,the cqb,
resgatatramonquiz,resgata tramon quiz,
diaochazixun,diao cha zi xun,diaocha zixun
pounceandslide,pounce and slide,
fifthhouseky,fifth house ky,
kaixinshequ,kai xin she qu,kaixin shequ
sabinahernandomartin,sabina hernando martin,
idpdka,idpdka,
bpdump,bp dump,
reasonmeister,reason meister,reasonmeister
thriveorbitflow,thrive orbit flow,
chaetodon,chaetodon,
badmarlowe,bad marlowe,
thekingbackhome,the king back home,
ajscrm,ajs crm,
cashbuyercalls,cash buyer calls,
hhrotaryjoint,hh rotary joint,
encinoproyectos,encino proyectos,
pawtraitofyourpet,pawtrait of your pet,
shouhujiutian,shou hu jiu tian,shouhu jiutian
shayrworld,shayr world,
goaliepadguide,goalie pad guide,
padoah,padoah,
belluscapital,bellus capital,
embrobof,embrobof,
noemisjewelry,noemis jewelry,
acadiaberry,acadia berry,
olsonreadvisors,olson re advisors,
jansenandgregorczykcpa,jansen and gregorczyk cpa,
roamiabeauty,roamia beauty,
kheloz,kheloz,
prawojazdypro,prawo jazdy pro,
tomolondon,tomo london,
siaventagan,sia ventagan,
eaakaryakit,ea akaryakit,
flozzr,flozzr,
laincubadoradigital,la incubadora digital,
gouyouhuiba,gou you hui ba,gouyou huiba
bellatrixpremiumfamilysalon,bellatrix premium family salon,
vantageopsllc,vantage ops llc,
themobilecleaner,the mobile cleaner,
betboomappj,betboom appj,
lockwizerd,lock wizerd,
beckyharvey,becky harvey,
backedfinance,backed finance,
verticaliaitalia,verticalia italia,
senseofpurpose,sense of purpose,
spectrapointe,spectra pointe,
tersoi,tersoi,
ecommissionshops,e commission shops,
beautyybyleo,beautyy by leo,
staterfund,stater fund,
btbtou,btb tou,
firefinancialpartners,fire financial partners,
blancbell,blanc bell,
warway,war way,
blackhouseintrooms,black house int rooms,
heritageluxuryinteriors,heritage luxury interiors,
parentsupp,parent supp,
covaprojects,cova projects,
txhomeandheartproperties,tx home and heart properties,
hungaryunicrdt,hungary unicrdt,
vanillawax,vanilla wax,
wangzhizone,wang zhi zone,
assetforgehub,assetforge hub,asset forge hub
yurnoe,yurnoe,
bukuanakkreatif,buku anak kreatif,
pokemonth,pokemon th,
verirogar,verirogar,
trycitorum,try citorum,
tahitech,tahi tech,
loudountreeservicesllc,loudoun tree services llc,
isleptlikearock,i slept like a rock,
gentzlifestyle,gentz lifestyle,
lojadocevicioonline,loja doce vicio online,
hjhybz,hjhybz,
jasminedesignstailorshop,jasmine designs tailor shop,
orderchangomango,order chango mango,
daporsche,da porsche,
laurachrisibiza,laura chris ibiza,
ronsaironix,rons aironix,
lotteryjingcai,lottery jingcai,
bolsasinfiltros,bolsa sin filtros,
agmarkguriasrlfc,agmark guria srl fc,
rossumsrobots,rossums robots,
zazoowin,zazoo win,
tristinstech,tristins tech,
cheekpieces,cheek pieces,
bookekome,booke kome,
thefamilyblooms,the family blooms,
glowupcases,glow up cases,
ssonglog,ssong log,
davidfellner,david fellner,
mistrzairfryer,mistrz airfryer,
blbetappj,bl bet appj,
hrbizp,hr bizp,
nazimports,naz imports,
khadijaexim,khadija exim,
ecovizi,eco vizi,
racingrain,racing rain,
theorendaparty,the orenda party,
lecoledudedans,l ecole du dedans,
xxvspa,xxv spa,
tekamare,teka mare,
afterhoursaccess,after hours access,
tobialamarca,tobia la marca,tobia lamarca
lasonyamjohnson,lasonya m johnson,la sonya m johnson
chronoclysm,chronoclysm,
decentwrap,decent wrap,
jamaiti,jamaiti,
connecthernetwork,connect her network,
cleanaeros,clean aeros,
eastatlssunaa,east atls sunaa,
johnondemand,john on demand,
kayfabemonthly,kayfabe monthly,
wllxxly,wllxxly,
gissmart,gis smart,
metroexpressllc,metro express llc,
gemstonescentral,gemstones central,
jadestoneglass,jadestone glass,
sreprocess,sre process,
simcoesnowandlawnco,simcoe snow and lawn co,
ildiztekstil,ildiz tekstil,
baedollare,bae dollare,
carshree,car shree,
preferredlawnandtree,preferred lawn and tree,
jusokj,juso kj,
auraren,aura ren,
acroconsultants,acro consultants,
masterartoftravel,master art of travel,
daomeaning,dao meaning,
itsbybry,its by bry,
elentaria,elentaria,
rcoch,rcoch,
tiffanif,tiffanif,
progressivemediaassociation,progressive media association,
travelwithromeo,travel with romeo,
agrolaventa,agro la venta,
coffeefigure,coffee figure,
boxtof,box tof,
dragonflyholisticwellness,dragonfly holistic wellness,
therodriguezinsurancesolutionsgroup,the rodriguez insurance solutions group,
arrowmissions,arrow missions,
navarremilitaryhousing,navarre military housing,
vendeviral,vende viral,
timestampusa,timestamp usa,
douceviesociety,douce vie society,
proyectoalfred,proyecto alfred,
cyberlone,cyberlone,cyber lone
atlshopperstorm,atl shopper storm,
lileilei,li lei lei,
mysongmakingdna,my song making dna,
astavex,astavex,
msnworkspace,msn workspace,
gilmonge,gilmonge,
idealhealthnola,ideal health nola,
chopppedidos,chopp pedidos,
montanainvestmentpropertyforsale,montana investment property for sale,
tramadolfacts,tramadol facts,
pawsmarter,paw smarter,
zantaratech,zantara tech,
dynamicprof,dynamic prof,
highaltitudekennels,high altitude kennels,
elitecoredigital,elite core digital,
fabrikestudio,fabrike studio,
phoenixlyones,phoenix lyones,
ammykj,ammy kj,
faribamohammadi,fariba mohammadi,
marnsh,marn sh,
pharmacaseapp,pharmacase app,
iamhermentoringservices,i am her mentoring services,
jcmworldwide,jcm worldwide,
effortlessenglishmethod,effortless english method,
cleverhometips,clever home tips,
novalifeagency,nova life agency,
asiantik,asiantik,asian tik
scaletrendpros,scale trend pros,
grupokeltia,grupo keltia,
gabbertmechanical,gabbert mechanical,
rudysmithfamily,rudy smith family,
mkontopoulos,m kontopoulos,
letlovegro,let love gro,
hanamix,hana mix,
gtpalgo,gtp algo,
ameaningfulstory,a meaningful story,
fortresscrownecapital,fortress crowne capital,
oursystemsanctuary,our system sanctuary,
managroupasia,mana group asia,
kajilifes,kaji lifes,
blockerllcs,blocker llcs,
kamilhospital,kamil hospital,
modestbeaute,modest beaute,
stetoradr,stetor adr,
overstocklabs,overstock labs,
thecosyshot,the cosy shot,
marineassessors,marine assessors,
animacompositadesign,anima composita design,
conidioomail,conidioo mail,
isthisseatforme,is this seat for me,
familylawfirmdallas,family law firm dallas,
vectorclube,vector clube,
jaringkail,jaring kail,
ashakaco,ashaka co,asha kaco
clikvet,clik vet,
weareblanco,we are blanco,
qomalon,qomalon,
mikesappliancerepairnm,mikes appliance repair nm,
lodgeia,lodge ia,
questionsbd,questions bd,
workird,workird,
storytellingconfidant,storytelling confidant,
conorfitzmaurice,conor fitzmaurice,
nuvetramed,nuvetra med,
uskudareskort,uskudar eskort,
flughafenlaratransfer,flughafen lara transfer,
infojio,info jio,
aurerix,aurerix,
queenjewelrybypq,queen jewelry by pq,
abrarmasjid,abrar masjid,
switbd,swit bd,
thegeniussoung,the genius soung,
frutivanaturalpowders,frutiva natural powders,
myrainynight,my rainy night,
pupapps,pup apps,
bltwell,blt well,
marccpizza,marcc pizza,
zhanyouwangluo,zhan you wang luo,zhanyou wangluo
logicpapers,logic papers,
cscalicante,csc alicante,
laveletadigital,la veleta digital,
stargazerfsc,stargazer fsc,
lingalongaart,linga longa art,
pencilcasebox,pencil case box,
mainstreetsteak,main street steak,
panamaadsboost,panama ads boost,
labuanbajoviptransfer,labuan bajo vip transfer,
tnnthdegreeortho,tnnth degree ortho,
cyanwayfarer,cyan wayfarer,
forcino,forcino,
popowang,popo wang,
noiaservicesllc,noia services llc,
everythingbutpause,everything but pause,
ynrqhn,ynrqhn,
twitchabitlandingstories,twitch a bit landing stories,
layergoldjewerly,layer gold jewerly,
pavementpilots,pavement pilots,
theturfrx,the turf rx,
aarkastudio,aarka studio,
lekkerstemmen,lekker stemmen,
kingdavidcandance,king david candance,
gingerleajewelry,ginger lea jewelry,
prynceafrica,prynce africa,
vaulltstudio,vaullt studio,
worldsmokebreak,world smoke break,
lylxx,lylxx,
salesupboost,sales up boost,
rbxtrends,rbx trends,
readhon,read hon,
goagenticscaling,go agentic scaling,
stormbreakstudios,storm break studios,
sdhomesetup,sd home setup,
erikschlegel,erik schlegel,
bynourana,by nourana,
kenyonsellers,kenyon sellers,
summerellisonadvisor,summer ellison advisor,
yunjinwei,yun jin wei,yunjin wei
maviandlane,mavi and lane,
cashsellmyride,cash sell my ride,
heraswimsuit,hera swimsuit,
lisaspinktypewriter,lisas pink typewriter,
gwtenergy,gwt energy,
futuwork,futu work,
doodrelle,doodrelle,
amillusionz,am illusionz,
autumnads,autumn ads,
huamaodianzhang,hua mao dian zhang,huamao dianzhang
sekario,sekar io,
xtinachao,xtina chao,
bondonchainfund,bondon chain fund,
robodocking,robo docking,
pinklyy,pinklyy,
usatoz,usa to z,
fragaromaura,frag aroma ura,
nudemodelingonline,nude modeling online,
smartstepcareer,smart step career,
overseasfrtserv,overseas frt serv,
howisira,how is ira,
doradotruckparts,dorado truck parts,
adriurumakeup,adriuru makeup,
classkeychewpo,class key chewpo,
primecoreerp,prime core erp,
grandardennotrail,grand ardenno trail,
explorervalue,explorer value,
surrogacyadvisory,surrogacy advisory,
sajuvision,saju vision,
backpackereurope,backpacker europe,
torokag,toro kag,
iconicwearstore,iconic wear store,
creaflujohoy,crea flujo hoy,
rojalnu,rojal nu,
dcreativastudio,d creativa studio,
sakurashopco,sakura shop co,
terspin,ter spin,
trackyourpage,track your page,
watchmyfolio,watch my folio,
lowkeythoughtful,lowkey thoughtful,low key thoughtful
realezastudio,realeza studio,
yampypromotions,yampy promotions,
sproutingnutritionistscoaches,sprouting nutritionists coaches,
procalcpro,procalc pro,
thetresses,the tresses,
reialign,rei align,
efficade,efficade,
seehvac,see hvac,
revelationcompanies,revelation companies,
irencore,iren core,
hyderabadblues,hyderabad blues,
jvrmih,jvrmih,
sypodiatry,sy podiatry,
shopmyitems,shop my items,
hobbyetiket,hobby etiket,
jpsfloorandmore,jps floor and more,
ramseycanyonbirdtours,ramsey canyon bird tours,
brianmagurno,brian magurno,
kiddosec,kiddosec,kiddo sec
henangr,henan gr,
jobszombie,jobs zombie,
maymailr,may mailr,
luminafashionstore,lumina fashion store,
theintownspotproperties,the intown spot properties,
btwincapintl,b twin cap intl,
deutungsraum,deutungsraum,
drivenconstructiontinyhomes,driven construction tiny homes,
haydyjewellery,haydy jewellery,
novoprintsigns,novo print signs,
dubkdesigns,dubk designs,
gobbleguy,gobble guy,
bilalandfatima,bilal and fatima,
pirellisa,pirelli sa,
peaktrainingnh,peak training nh,
mariapeach,maria peach,
thenewblackenvironment,the new black environment,
samdcompute,samd compute,
pjhgihujhgjgybujgyugyu,pjhgihujhgjgybujgyugyu,
beyondposapp,beyond pos app,
getlocalelectrician,get local electrician,
poolcleaninginsunrise,pool cleaning in sunrise,
oksanaenergyhealing,oksana energy healing,
versuscasinos,versus casinos,
allisonandchristopher,allison and christopher,
usaturtravel,usa tur travel,
nordestepgab,nordestep gab,
sentenum,sentenum,
advancingindividuals,advancing individuals,
molddamageservices,mold damage services,
lapaliativista,la paliativista,
olimpicoia,olimpico ia,
pointsonme,points on me,
thefrenchcastle,the french castle,
thesevani,the sevani,
wineriesdirectory,wineries directory,
greenwhisperwash,green whisper wash,
silverhealthmanagement,silver health management,
gravemarks,grave marks,
joinreserveplus,join reserve plus,
quartermastersapp,quartermasters app,
shoulderholderpt,shoulder holder pt,
anthonygrossi,anthony grossi,
oildiffuserhub,oil diffuser hub,
mbandroidshop,mb android shop,
parometer,parometer,
emiliedaviesdubai,emilie davies dubai,
sanitationteam,sanitation team,
cyclicalscale,cyclical scale,
zepango,zepango,
theberneilhouse,the berneil house,
angelalimaforsenate,angela lima for senate,
openbusinesscollective,open business collective,
voxreview,vox review,
trunorthcg,tru north cg,
angelicpresencehealing,angelic presence healing,
buysoftwaredirect,buy software direct,
propertybrokeragebd,property brokerage bd,
deliverywindowplanner,delivery window planner,
rvsshipping,rvs shipping,
femailed,femailed,
backstageproduct,backstage product,
isarestrepo,isa restrepo,
nohandsmarketing,no hands marketing,
makgv,mak gv,
glenroselandscaping,glen rose landscaping,
rmarqj,rmarqj,
majesticleonbergers,majestic leonbergers,
medblanc,med blanc,
nohungrypets,no hungry pets,
kainbox,kain box,
postersurf,poster surf,
imnonferrousmetals,im nonferrous metals,
builtformainstreet,built for main street,
sbotopappbet,sbo top app bet,
alliantiepapenburg,alliantie papenburg,
theheartwarmedhome,the heart warmed home,
ballisticspro,ballistics pro,
mminternationl,mm internationl,
guruosreviews,guruos reviews,
blastimpactvideo,blast impact video,
astrodynes,astrodynes,astro dynes
apkdewahutan,apk dewa hutan,
hydrib,hydrib,
fyicafe,fyi cafe,
almexinc,almex inc,
zecpath,zec path,
dsopera,ds opera,
hiverides,hive rides,
cursara,cursara,
seamerchantltd,sea merchant ltd,
compasssmartshopper,compass smart shopper,
truelabamino,true lab amino,
gozdenantika,gozden antika,
salfordtandoori,salford tandoori,
insightlabllc,insight lab llc,
naturatopia,natura topia,
enthralledentertainment,enthralled entertainment,
wootderebbq,woot dere bbq,
wraphubstudio,wrap hub studio,
compliancewithoutauthority,compliance without authority,
elranchotennisparis,el rancho tennis paris,
littlegeniuseshub,little geniuses hub,
vandagrift,vandagrift,
analogwall,analog wall,
livingleanstaging,living lean staging,
usdtexs,usdt exs,usd texs
ngautorepairs,ng auto repairs,
ornellamuse,ornella muse,
furcopets,furco pets,
brandingwithmdaziz,branding with md aziz,
vplusdrc,v plus drc,
hotelatzimba,hotel at zimba,
chinatgs,china tgs,
leadrightnews,lead right news,
whalescalemedialabs,whale scale media labs,
cransad,cransad,
tryparisbaguettecatering,try paris baguette catering,
athinapartment,athin apartment,
minedelve,mine delve,
theabstractentrepreneur,the abstract entrepreneur,
promptquant,prompt quant,
neighboormood,neighboor mood,
blessingshaven,blessings haven,
sstarrflames,sstarr flames,
mercadolivreverao,mercado livre verao,
ainicepay,ai nice pay,
poochspick,poochs pick,
sissiesexposed,sissies exposed,
civilmediationservices,civil mediation services,
qevana,qevana,
myfakemail,my fake mail,
rshom,rshom,
duckyhost,ducky host,
quantasendpro,quantasend pro,
expresswaytourism,expressway tourism,
szdevs,sz devs,
jissedstore,jissed store,
yonghakkim,yong hak kim,yong hakkim
thefoxandthefiber,the fox and the fiber,
shmokabowl,shmoka bowl,
salehayoubi,saleh ayoubi,
quantomagi,quanto magi,
vtrmoves,vtr moves,
jethrodirector,jethro director,
lynapharm,lyna pharm,
huhbrothers,huh brothers,
calcuttacollective,calcutta collective,
kallastria,kallastria,
rewireflourish,rewire flourish,
houtrahomes,houtra homes,
salamsuite,salam suite,
tyhuayi,ty huayi,
xisupplyshop,xi supply shop,
noepottier,noe pottier,
mccips,mccips,
ansellwindowcleaning,ansell window cleaning,
smartservicesdrone,smart services drone,
magnifluence,magnifluence,
femurdemon,femur demon,
signumonline,signum online,
globalfanverse,global fan verse,
morethanclayco,more than clay co,
invoicefactoringhq,invoice factoring hq,
memorytablemethod,memory table method,
kanqiubaoclub,kan qiu bao club,kanqiu bao club
waysparkmaps,wayspark maps,
junglerhub,jungler hub,
tomorrowlog,tomorrow log,
ahmedazim,ahmed azim,
suomenvaltionvelka,suomen valtion velka,
foldedhonor,folded honor,
cadastroimobiliariobrasileiro,cadastro imobiliario brasileiro,
honesttombuyshouses,honest tom buys houses,
pawunivers,paw univers,
simhacore,simha core,
tokenfay,token fay,
homedesignerideas,home designer ideas,
semanadelaluzspieeafit,semana de la luz spieea fit,
sixfoldgame,sixfold game,six fold game
reposcanners,repo scanners,
alexgaudet,alex gaudet,
cascadecarsales,cascade car sales,
kuwaitdesigns,kuwait designs,
grossandgrosser,gross and grosser,
parrothomeonline,parrot home online,
houseandhomebogota,house and home bogota,
lexismai,lexis mai,
velinacosmo,velina cosmo,
natystudios,naty studios,
sdocr,sdocr,
titancoreconstructioncom,titan core construction com,
terpstragold,terpstra gold,
miababyshower,mia baby shower,
primeshopks,prime shop ks,
thrivingthroughtherapyinc,thriving through therapy inc,
marianabbeychoir,marian abbey choir,
molinascleanhomes,molinas clean homes,
ristoranteamilano,ristorante a milano,
jmhacctg,jmh acctg,
lhrrealty,lhr realty,
iloveberkeleysprings,i love berkeley springs,
hatchoryholdings,hatchory holdings,
cqsenlin,cq sen lin,cq senlin
formlessrobotics,formless robotics,
lordsofporz,lords of porz,
countsautoracing,counts auto racing,
thecollagemaker,the collage maker,
findyourfastcoaching,find your fast coaching,
foodtram,food tram,
goodgadgetry,good gadgetry,
shopglamazongals,shop glamazon gals,
junohairbgc,juno hair bgc,
vitruviandigitalglobal,vitruvian digital global,
tankegames,tanke games,
weareuor,we are uor,
kelinyue,ke lin yue,kelin yue
cherevko,cherevko,
foxbullions,fox bullions,
laenec,laenec,
hamradiohistory,ham radio history,
myairguyshvac,my air guys hvac,
farmadesigns,farma designs,
leasemrkt,lease mrkt,
aitokids,aito kids,
customkitchenaid,custom kitchenaid,custom kitchen aid
joyfulpalettestudio,joyful palette studio,
autofacildenver,auto facil denver,
bateuq,bateuq,
tiresadvisor,tires advisor,
kremsmusic,krems music,
cursosvirtualesrd,cursos virtuales rd,
sixtyoneeighty,sixty one eighty,
chokimeals,choki meals,
ailearningtoy,ai learning toy,
unsjournals,uns journals,
kevingh,kevin gh,
saundio,saundio,
sevenchordstudio,seven chord studio,
rapforastack,rap for a stack,
menocci,menocci,
financerelations,finance relations,
bajeevipapp,bajee vip app,bajeevip app
imperialhaulingwnc,imperial hauling wnc,
serensocials,seren socials,
communityimpactlogistics,community impact logistics,
birbalmart,birbal mart,
pacifiso,pacifiso,
skinlogiclab,skin logic lab,
boringgameshub,boring games hub,
utranaz,utranaz,
barisakpolat,baris akpolat,baris ak polat
drprimeva,dr prime va,
drakemediadesign,drake media design,
triptozakopne,trip to zakopne,
lekadigital,leka digital,
byyyvip,byyy vip,
iamkyo,i am kyo,
corraelucre,corra e lucre,
tourstozakopane,tours to zakopane,
planetgrowths,planet growths,
workwithdlee,work with dlee,
waysofloveflowers,ways of love flowers,
yssape,yssape,
hafria,hafria,
tadrisat,tadrisat,
nordesteagro,nordeste agro,
revmetal,rev metal,
realmeffect,realm effect,
lalkitabguru,lal kitab guru,
vishansingh,vishan singh,
proplusmoves,pro plus moves,
letsbuysirit,lets buy sirit,
tvinternacional,tv internacional,
zavonzoapk,zavonzo apk,
bestdayeverbanners,best day ever banners,
xhomestead,x homestead,
chasingskully,chasing skully,
getscreenfree,get screen free,
ztkradar,ztk radar,
gizku,gizku,
jamesmlyle,james m lyle,
budscase,buds case,
eckalbar,eckal bar,
hollinhillstees,hollin hills tees,
everstik,everstik,ever stik
tikokcdn,tikok cdn,
bowenwaterservices,bowen water services,
ebiopharmatoday,e biopharma today,
accreditx,accreditx,accredit x
penninemedia,pennine media,
revmada,rev mada,
walkerworxllc,walker worx llc,
savvyadvances,savvy advances,
koryx,koryx,
aqarsharjah,aqar sharjah,
hbinv,hb inv,
kitreset,kit reset,
keeplori,keep lori,
riverjadevisions,river jade visions,
bmengineeringssurveysau,bm engineerings surveys au,
heldandhonored,held and honored,
jamesaridas,james aridas,
zoplie,zoplie,
viveprive,vive prive,
fumigacionesfumibrack,fumigaciones fumibrack,
primeconstructionsbangalore,prime constructions bangalore,
comtrackproperties,com track properties,
thepurposefulliving,the purposeful living,
gyeolselect,gyeol select,
dragiovannabarbosa,dra giovanna barbosa,
jasmundart,jasmund art,
dinoplexplanet,dino plex planet,
bnpnqmo,bnpnqmo,
berichteheute,berichte heute,
empresascreadashoy,empresas creadas hoy,
lifesmemoirs,lifes memoirs,
warysafe,wary safe,
twogiraffe,two giraffe,
klaroclinic,klaro clinic,
raintreenode,raintree node,
cryptpharma,crypt pharma,
sarthway,sarth way,
lemonhomecleaners,lemon home cleaners,
pandayueyi,panda yue yi,
johnempuerto,john empuerto,
sosyetezoom,sosyete zoom,
theincidentchallenge,the incident challenge,
smallweddingstyle,small wedding style,
qyqmz,qyqmz,
btownfoodtruckbuilders,btown food truck builders,
weddingthumka,wedding thumka,
assurancemanuvie,assurance manuvie,
purnahealing,purna healing,
lyndachiwetelu,lynda chiwetelu,
wiperdigital,wiper digital,
ignitalskills,ignital skills,
anatoliatechnologies,anatolia technologies,
carissaforharforddems,carissa for harford dems,
happyhealinggirlperimenopause,happy healing girl perimenopause,
urbantimes,urban times,
vimshati,vimshati,
alovizual,alo vizual,
jimex,jimex,
useoperra,use operra,
astroawake,astro awake,
executivetransportationassistance,executive transportation assistance,
scalelogicstudio,scale logic studio,
swartzendruberagency,swartzendruber agency,
readmushokutensei,read mushoku tensei,
kaifeigonglue,kai fei gong lue,
feijapan,fei japan,
vibelaunchers,vibe launchers,
quattroamori,quattro amori,
skinfinitesolutionsaz,skinfinite solutions az,
caribbeanfoodscapes,caribbean foodscapes,
sawton,sawton,
mintransform,min transform,
pembuatcandi,pembuat candi,
maskiva,maskiva,
luxeloftpenthouse,luxe loft penthouse,
cinebix,cine bix,
eldosbonus,eldos bonus,
maplesdiesel,maples diesel,
phantomeria,phantomeria,
snaplanding,snap landing,
kiwipolitics,kiwi politics,
ozriver,oz river,
threaterase,threat erase,
arthurterminal,arthur terminal,
rndred,rnd red,
campprototype,camp prototype,
lombardygroup,lombardy group,
impactwindowrepairfl,impact window repair fl,
mackenziecolgan,mackenzie colgan,
constructionplanteck,construction planteck,
parkroadpaving,park road paving,
successokafor,success okafor,
abeldel,abel del,
theneso,the neso,
ryanfedell,ryan fedell,
pickpools,pick pools,
basevlp,base vlp,
flaashh,flaashh,
suyajiang,su ya jiang,
mycovenantreset,my covenant reset,
zestmarketingstudio,zest marketing studio,
solocoderai,solo coder ai,
zrqvtnma,zrqvtnma,
reachwebelieve,reach we believe,
balanceapartment,balance apartment,
gemsbokcap,gemsbok cap,
jdvantagepointbroker,jd vantage point broker,
thingswootoys,things woo toys,
darcmind,darc mind,
kitdup,kit dup,
racheldcreates,rachel d creates,
shopotoys,shopo toys,
createappfast,create app fast,
antalyaspecialtransfer,antalya special transfer,
xandhi,xandhi,
hobyclub,hoby club,
editini,editini,
litneon,lit neon,
tiantianballwatch,tian tian ball watch,tiantian ball watch
aiscenestudio,ai scene studio,
timberlinepressurewash,timberline pressure wash,
peepsarmory,peeps armory,
caseyjdwyer,casey j dwyer,
combatkits,combat kits,
rutatst,rutatst,
copperstatehandyman,copper state handyman,
dutchflitraton,dutch flitraton,
solisios,solis ios,
kraftmindcreations,kraft mind creations,
stellanovahq,stella nova hq,
jonesboronet,jonesboro net,
pixgk,pix gk,
shieldyapp,shieldy app,
scoringolf,scorin golf,
housezofi,house zofi,
romadendron,roma dendron,
ticosurfrentals,tico surf rentals,
dmcguardianshipservices,dmc guardianship services,
nssweem,ns sweem,
flyxfitt,flyx fitt,
weongozi,weongozi,
staysmallstayhome,stay small stay home,
dentallianz,dental lianz,
bloomphotographynw,bloom photography nw,
junglepixels,jungle pixels,
pisapizzastalbert,pisa pizza st albert,pisa pizza stalbert
mellsessentials,mells essentials,
staslitvinov,stas litvinov,
jebelrose,jebel rose,
accountnexa,account nexa,
keimfurs,keim furs,
laolihua,lao li hua,
villaslacerquilla,villas la cerquilla,
vatralibera,vatra libera,
sinkhai,sink hai,
doyleplastering,doyle plastering,
relliminstitute,rellim institute,
thegingercatandcompany,the ginger cat and company,
shopkabri,shop kabri,
midwestdronebarn,midwest drone barn,
marskampanya,mars kampanya,
tikihouseproductions,tiki house productions,
theownersco,the owners co,
nirviawater,nirvia water,
robinsoncruisesogroups,robinson cruise so groups,
lvdaoyl,lv dao yl,lvdao yl
flightsflorida,flights florida,
hkttee,hkt tee,
umasagency,umas agency,
novinshahriar,novin shahriar,
helincare,helin care,
petinwholesale,pet in wholesale,
aukol,aukol,
lucatrade,luca trade,
northstarvaultco,north star vault co,
nzxtkraken,nzxt kraken,
drunknighttshirts,drunk night tshirts,
snackatt,snack att,
artnamkang,art nam kang,
cursosdevalor,cursos de valor,
sparklehairco,sparkle hair co,
vjxbidv,vjxbidv,
marktoewimnr,marktoewi mnr,
chendom,chen dom,
rankogre,rank ogre,
cheapleos,cheap leos,
tatamitek,tatami tek,
romflowers,rom flowers,
aksamokumasi,aksam okumasi,
djmcargo,djm cargo,
persistentlife,persistent life,
dycad,dycad,
boulderremovalspecialists,boulder removal specialists,
savanahrcf,savanah rcf,
janesdailyfinds,janes daily finds,
meetracle,meetracle,meet racle
zheninmotion,zhen in motion,
osmansimsar,osman simsar,
btcshipping,btc shipping,
mandsbroadway,m and s broadway,mands broadway
theatmospheresessions,the atmosphere sessions,
nonrevvibes,nonrev vibes,non rev vibes
loveforustore,love for u store,
silkposthouse,silk post house,
thelibertymediagroup,the liberty media group,
arraysun,array sun,
yourlastingcoach,your lasting coach,
blaisoncomeaux,blaison comeaux,
hentaimerkezi,hentai merkezi,
kinletter,kin letter,
hamradiologist,ham radiologist,
carbondalecardetailing,carbondale car detailing,
qileculture,qile culture,
changkuiqiche,chang kui qi che,changkui qiche
cherade,cherade,
reclaimxpro,reclaim x pro,
encrypteddesigns,encrypted designs,
lastpeek,last peek,
antbs,antbs,
autopaddlehq,auto paddle hq,
madwinesearch,mad wine search,
beadollywood,be a dollywood,
kubhernfin,kubhern fin,
mudumugo,mudumu go,
nextradevip,nextrade vip,
puckaglue,pucka glue,
dogadventurehub,dog adventure hub,
hpprimechemicals,hp prime chemicals,
tesamorelinreview,tesamorelin review,
phillipgrit,phillip grit,
fastindocargo,fast indo cargo,
eroticnut,erotic nut,
exclusivechapters,exclusive chapters,
brokeract,broker act,
xfeedly,x feedly,
yxhcnh,yxhcnh,
homesolutionsnw,home solutions nw,
solacedetailstudio,solace detail studio,
verapiq,vera piq,
disegnointeriore,disegno interiore,
healthlfluential,healthlfluential,
rusandhomes,r us and homes,rus and homes
indrahipnoterapi,indra hipnoterapi,
rrblife,rrb life,
injuryfixer,injury fixer,
agoodmailcompany,a good mail company,
salonkoniki,salon koniki,
kiranhacker,kiran hacker,
thesofthustlecircle,the soft hustle circle,
eddiejamesmerch,eddie james merch,
bootconsulting,boot consulting,
rbhartitest,rb harti test,
mikainterior,mika interior,
vinteckus,vinteck us,
lascronicasdevulcania,las cronicas de vulcania,
pressedprettycollective,pressed pretty collective,
ifitwereyou,if it were you,
romansgratuits,romans gratuits,
learningwithpaige,learning with paige,
fwlove,fw love,
nurseprecept,nurse precept,
shivamurtihealingarts,shivamurti healing arts,shiva murti healing arts
claudeaistocks,claude ai stocks,claudeai stocks
hijamadakhla,hijama dakhla,
norvalue,nor value,
umporium,umporium,
multiseasons,multi seasons,
uptempilates,uptem pilates,
lacompagniemob,la compagnie mob,
labdobiohacker,lab do biohacker,
altincopy,altin copy,
ordereltarasco,order el tarasco,
jpconstrucciones,jp construcciones,
agcreditfix,ag credit fix,
azerbaijanluxurytours,azerbaijan luxury tours,
worldassetregister,world asset register,
socialyoo,social yoo,
killedthevig,killed the vig,
harvarddoesntcare,harvard doesnt care,
wpgrind,wp grind,
momtraveltips,mom travel tips,
granitebuyers,granite buyers,
fluqio,fluqio,
zarksa,zarksa,
ihbocrm,ihbo crm,
depasuniversitarios,depas universitarios,
cereninayakkabilari,cerenin ayakkabilari,
asoreyh,asoreyh,
linanxiang,li nan xiang,linan xiang
rashmiandbinalboutique,rashmi and binal boutique,
arbanemporium,arban emporium,
variantcalling,variant calling,
mystikikigai,mystik ikigai,
darrintaylordc,darrin taylor dc,
captivatexmodel,captivate x model,
kzvntyra,kzvntyra,
maisonsunsun,maison sunsun,
pixgrap,pix grap,
experttocourse,expert to course,
gamesoftarvern,games of tarvern,
datingwithdaas,dating with daas,
theheartspire,the heartspire,the heart spire
naatalkaizen,naatal kaizen,
termokids,termo kids,
spacecrafttn,spacecraft tn,
johya,johya,
embodeedbeautybaracademy,embodeed beauty bar academy,
integratedliteracysolutions,integrated literacy solutions,
shengbingzl,sheng bing zl,shengbing zl
laazystore,laazy store,
megacelllaboratories,mega cell laboratories,
confettistudiobykat,confetti studio by kat,
sarahpascualphoto,sarah pascual photo,
boysopinionprojects,boys opinion projects,
diggybee,diggy bee,
hadeengineering,hade engineering,
osipenkoauto,osipenko auto,
torirun,tori run,
mznassociate,mzn associate,
carawhy,cara why,
operatorlabsconsulting,operator labs consulting,
aisnew,ais new,
jamaicamaterials,jamaica materials,
thecyberluxfiles,the cyber lux files,
crowstackai,crow stack ai,
rnastudents,rna students,
nationalitefrancaise,nationalite francaise,
itsmeorganic,its me organic,
veterinariodomiciliozaragoza,veterinario domicilio zaragoza,
northmarqquotes,northmarq quotes,north marq quotes
neslyparis,nesly paris,
clienteslegales,clientes legales,
helloforkoff,hello fork off,
schmiggyville,schmiggyville,
ampersandhealthhk,ampersand health hk,
yuxingtanning,yuxing tanning,yu xing tanning
trekonomyluxe,trekonomy luxe,
mamalicebiz,mama lice biz,
ximvid,xim vid,
grippsafe,gripp safe,
bicontrast,bi contrast,
saintgeorgetattoos,saint george tattoos,
learnsoftwash,learn soft wash,
pelouzoapartments,pelouzo apartments,
controleoperacional,controle operacional,
diabeticpersonaltrainer,diabetic personal trainer,
autoanalyticspro,auto analytics pro,
artthouelle,art thouelle,
lenstoyou,lens to you,
slavasannikov,slava sannikov,
consultreesllc,consultrees llc,
cerisescholar,cerise scholar,
henwaller,hen waller,
theextramilelandscapeco,the extra mile landscape co,
deliveryactivity,delivery activity,
ohmydogstudios,oh my dog studios,
risingtidemassage,rising tide massage,
neoluxbrand,neo lux brand,
theironcreed,the iron creed,
pokecem,pokecem,
vineyardsfoodsja,vineyards foods ja,
dynacorewellness,dyna core wellness,
pirinoart,pirino art,
charlottespizza,charlottes pizza,
sindhjobportal,sindh job portal,
yogoday,yogo day,
peintureodeyens,peinture odeyens,
kanqiunets,kan qiu nets,kanqiu nets
aquabutix,aqua butix,
nehmah,nehmah,
gorleye,gorleye,
rebuiltlifestyle,rebuilt lifestyle,
redtenor,red tenor,
heytenor,hey tenor,
myhollybeauty,my holly beauty,
chatmcn,chat mcn,
nancyidefichesesi,nancy idefich esesi,
theprotocolcollection,the protocol collection,
muletasrock,muletas rock,
bestmusiccollege,best music college,
ouicansolutions,oui can solutions,
juliaperico,julia perico,
flowstile,flow stile,
crehelp,cre help,
rmgiftwellcompany,rm gift well company,
carnitasdubai,carnitas dubai,
globalfagroup,global fa group,
webdesignprostudio,web design pro studio,
alquimiahomelab,alquimia home lab,
badjujutoys,bad juju toys,
massivewebsites,massive websites,
houseoflorrellinteriors,house of lorrell interiors,
curatedcupboardco,curated cupboard co,
trustedclientmethod,trusted client method,
gesundegrosseltern,gesunde grosseltern,
blasterwar,blaster war,
tmatsuura,t matsuura,
getnready,get n ready,
vigiecontrol,vigie control,
goliathsolutioins,goliath solutioins,
hebtype,heb type,
mandsautogroup,m and s auto group,mands auto group
doracoco,dora coco,
wayfarerfinancialpartners,wayfarer financial partners,
acecoreglobal,ace core global,
jvlsites,jvl sites,
dmklandscapes,dmk landscapes,
danafire,dana fire,
theiveopro,the iveo pro,
ihcyl,ihcyl,
evolvebasketballapp,evolve basketball app,
cmoworkbench,cmo workbench,
anantassolutions,anantas solutions,
datadeletiondestruction,data deletion destruction,
akahs,akahs,
muartradersstay,muar traders stay,
hiredgif,hired gif,
visivatech,visiva tech,
madebymamaj,made by mamaj,
alapahariverhoney,alapaha river honey,
evidentinvest,evident invest,
japasseios,ja passeios,
bananabazzaar,banana bazzaar,
cutearly,cut early,
portcitygreens,port city greens,
tattooremovalmachines,tattoo removal machines,
comfortpointrv,comfort point rv,
bigdealweed,big deal weed,
semijoiascarlafidelis,semi joias carla fidelis,
republicofwesterncanada,republic of western canada,
mydya,my dya,
studioketoo,studio ketoo,
walahaerv,walah aerv,
closuron,closuron,
richshopp,rich shopp,
splape,splape,
groomingvanconversions,grooming van conversions,
yixjzkdtyd,yixjzkdtyd,
auditmybroker,audit my broker,
systematicpress,systematic press,
leadstackhub,lead stack hub,
rosefeelhotels,rose feel hotels,rosefeel hotels
apknesiafun,apk nesia fun,
besttexasroofrepair,best texas roof repair,
sexspeeltje,sex speeltje,
pakarslot,pakar slot,
privacyop,privacy op,
clementinelaneflorals,clementine lane florals,
sistemcit,sistem cit,
rechargezap,recharge zap,
bookpolicyguard,book policy guard,
buchknall,buch knall,
lyflp,lyflp,
wwwletsbuyspirit,www lets buy spirit,
doveglobalservicesltd,dove global services ltd,
bismarcknewhomes,bismarck new homes,
currentcravings,current cravings,
jsgagone,js gagone,
zjywhtbj,zj ywhtbj,
viberadiologist,vibe radiologist,
thevideotorevenuecalculator,the video to revenue calculator,
mahabastore,mahaba store,
northfosterfarms,north foster farms,
webmarsimulator,web mar simulator,
tenthpartner,tenth partner,
kyootpaper,kyoot paper,
risquereflectionsboudoir,risque reflections boudoir,
srinivasalaboratories,srinivasa laboratories,
womenshostelinbhopal,womens hostel in bhopal,
psssttours,pssst tours,
chaseballots,chase ballots,
compatiblesign,compatible sign,
tidelz,tidelz,
goldencashsa,golden cash sa,
psihologijaponedjeljkom,psihologija ponedjeljkom,
rhythmsim,rhythm sim,
hanziwritingpractice,hanzi writing practice,
pilateshelf,pilate shelf,
megasoulfullifestyle,mega soulful lifestyle,
risethensoar,rise then soar,
outfedjebel,out fed jebel,
plainlyanswered,plainly answered,
ccbeautynail,cc beauty nail,
llhuarong,ll huarong,
procesodevisa,proceso de visa,
llewdrinks,llew drinks,
infragenticlabs,infragentic labs,
nexoramiami,nexora miami,
dualtic,dual tic,
secrevo,secrevo,
bizpaymentrelief,biz payment relief,
caribbeanculturecrew,caribbean culture crew,
cabinethive,cabinet hive,
caseyomusic,casey o music,
pureusailabs,pure us ai labs,
centennialtechblog,centennial tech blog,
nevadaol,nevada ol,
dandemoon,dande moon,
toolstackfinder,tool stack finder,
besinkiyas,besin kiyas,
vigorxcl,vigor xcl,
trendloreau,trend loreau,
trendyhomeco,trendy home co,
maoxiangh,mao xiang h,
cremerielaprolongation,cremerie la prolongation,
petitflan,petit flan,
monsterxmuseum,monster x museum,
pratiumstore,pratium store,
bakeoutlet,bake outlet,
whalescalemediainc,whale scale media inc,
llamasamhh,llamas amhh,
mojaveoffset,mojave offset,
chrotispage,chrotis page,
valesperance,val esperance,
starstarsmari,star stars mari,
gloriacups,gloria cups,
dystosophy,dystosophy,
sherpasdeal,sherpas deal,
guruvacha,guru vacha,
clickfocusdigital,click focus digital,
mnbfacilities,mnb facilities,
toolbuxx,tool buxx,
nantucketknots,nantucket knots,
conchogolf,concho golf,
kaizenlabzz,kaizen labzz,
unsunl,unsunl,
hairwigmall,hair wig mall,
prosperenterprisesltd,prosper enterprises ltd,
travesiasolidaria,travesia solidaria,
zenhydrate,zen hydrate,
ycodestudio,ycode studio,
topgirlpicks,top girl picks,
andersnexo,anders nexo,
xaxmdq,xaxmdq,
jellygus,jelly gus,
favebro,fave bro,
jollymoth,jolly moth,
lindaleechocolates,linda lee chocolates,
mellocbd,mello cbd,
moderndentallaboratory,modern dental laboratory,
advicedtimes,adviced times,
feelslikejoy,feels like joy,
dispatchhotak,dispatch hotak,
tryuntilt,try untilt,
packedrite,packed rite,
blogtopodcast,blog to podcast,
dinameti,diname ti,
apexsignstudio,apex sign studio,
carolinaheygurl,carolina hey gurl,
tensfriends,tens friends,
goldenheightcollege,golden height college,
nieshaoheng,nie shao heng,nieshao heng
pomegranatepsychologicalservices,pomegranate psychological services,
riskbible,risk bible,
mentalspacelb,mental space lb,
ecomfieldguides,ecom field guides,
necessaryfriction,necessary friction,
livelyplan,lively plan,
madworldadventures,mad world adventures,
tunijuarez,tuni juarez,
wbzbyegbobjxk,wbzbyegbobjxk,
bysalar,by salar,
banginbaits,bangin baits,
easternwindpower,eastern wind power,
ecommercecreativeco,ecommerce creative co,
yourwellappointedlife,your well appointed life,
babdx,bab dx,
buildkindschools,build kind schools,
johanjohanssonfabamo,johan johansson fabamo,
reasonandreform,reason and reform,
premixmagic,premix magic,
shoushangyun,shou shang yun,shoushang yun
wpheirloom,wp heirloom,
pinegablesbar,pine gables bar,
jokermint,joker mint,
goldlionss,gold lionss,
streetznyc,streetz nyc,
commaperfume,comma perfume,
midwestrootedboutique,midwest rooted boutique,
psageai,psage ai,
coatsroofing,coats roofing,
kelvsoft,kelv soft,
vzaprete,vza prete,
sianaghasla,sianaghasla,
tchuihuang,t chui huang,
lilnawlins,lil nawlins,
autocentroelpuente,auto centro el puente,
greenwaldmedia,greenwald media,
optumvitality,optum vitality,
wensage,wen sage,
battletechhq,battletech hq,
afroinfluencer,afro influencer,
geografiaatualidades,geografia atualidades,
leadeoco,leadeo co,
glammakeover,glam makeover,
descidash,desci dash,
inloveforme,in love for me,
knmdetailingonline,knm detailing online,
mamotionmedia,mamotion media,
covidhope,covid hope,
aftadvocates,aft advocates,
softwildflowersstudio,soft wildflowers studio,soft wild flowers studio
publicsocials,public socials,
explicitbears,explicit bears,
daipaitong,dai pai tong,
nooshtwins,noosh twins,
tharunsai,tharun sai,
soroxy,soroxy,
tracemyinfo,trace my info,
moommm,moommm,
bogazicikombi,bogazici kombi,
orvynwear,orvyn wear,
atmswimwear,atm swimwear,
quefaireenperigordnoir,que faire en perigord noir,
alkababalbaladi,al kabab al baladi,
rsngameyou,rsn game you,
bridwr,bridwr,
loanzdesk,loanz desk,
usclaimcheck,us claim check,
protechguvenlik,protech guvenlik,pro tech guvenlik
universalprojectsgroup,universal projects group,
parsabakhtiari,parsa bakhtiari,
plitgames,plit games,
knotse,knot se,
confgr,confgr,
pastamatteo,pasta matteo,
alphaasegura,alpha asegura,
maggiedevstudio,maggie dev studio,
eswamp,e swamp,
youzacg,youza cg,
rubypetch,ruby petch,
mycustombodyplan,my custom body plan,
campusocean,campus ocean,
quickreleasewatchbands,quick release watch bands,
claimyourgrantmoney,claim your grant money,
houseaven,house aven,
quantumhealinguk,quantum healing uk,
viskario,viskario,
ozoverstockoutlet,oz overstock outlet,
talltalesystems,tall tale systems,
brittfinance,britt finance,
orderarbiter,order arbiter,
liquordeath,liquor death,
melafestival,mela festival,
groovedar,groove dar,
marzouqs,marzouqs,
envisionhomesolutionsllc,envision home solutions llc,
braunmalaysia,braun malaysia,
stoffapplikationen,stoff applikationen,
communipasss,communi passs,
teogux,teo gux,
stilloria,stilloria,
fourbarrow,four barrow,
mixxwell,mixx well,
modernskillsinst,modern skills inst,
dorsyl,dorsyl,
hgfly,hg fly,
choppysleeper,choppy sleeper,
domainmark,domain mark,
inoxaep,inox aep,
ftpuploader,ftp uploader,
eventsli,events li,
wildflowerandagrumpyweed,wildflower and a grumpy weed,
ducaticafeshanghai,ducati cafe shanghai,
bozencia,bozencia,
facelessdecant,faceless decant,
smarthomediani,smart home diani,
sahakk,sahakk,
trueapproachbaseball,true approach baseball,
varayner,varayner,
resortreportintl,resort report intl,
trustboutique,trust boutique,
zmelissa,z melissa,
machinetaste,machine taste,
lotsoflinks,lots of links,
drivlife,driv life,
ramirogonzalezlandscaping,ramiro gonzalez landscaping,
blackwaterathletics,blackwater athletics,
sategypt,sat egypt,
readmebooksct,read me books ct,
leebetcasino,lee bet casino,
jqminc,jqm inc,
vorralo,vorralo,
beamingbride,beaming bride,
mombasatransfers,mombasa transfers,
starqualityhosting,star quality hosting,
boroshno,boroshno,
lisamariesimon,lisa marie simon,
rwandaskillshub,rwanda skills hub,
richdatareviews,rich data reviews,
asahigaokaes,asahigaoka es,asahi gaoka es
beauverde,beau verde,
nattconsultingsolutions,natt consulting solutions,
kingfuwear,kingfu wear,king fu wear
breakfreesurfla,break free surf la,
carawaycap,caraway cap,
yinzhentechnologies,yinzhen technologies,yin zhen technologies
wallswithvoices,walls with voices,
stardineai,stardine ai,
nunleyinsurance,nunley insurance,
sabrandself,sa brand self,
vcatest,vca test,
tmoranwoodworker,t moran woodworker,
athenagibson,athena gibson,
retreatsalonandspa,retreat salon and spa,
ultrafragrant,ultra fragrant,
fleetnetai,fleetnet ai,fleet net ai
luxuryprefabricated,luxury prefabricated,
wobomart,wobo mart,
sellersrevive,sellers revive,
southinduxbury,south in duxbury,
driventransformations,driven transformations,
betuscasinos,betus casinos,
revnut,rev nut,
chromecraftlab,chromecraft lab,chrome craft lab
mggif,mg gif,
bxgmta,bxgmta,
spraycorkandmoredistribution,spray cork and more distribution,
eugenesmithart,eugene smith art,
askkiraos,ask kira os,
hypotenuseanalytics,hypotenuse analytics,
rajganawak,rajgan awak,
talyataki,talya taki,
taharainternational,tahara international,
xiaoehua,xiao e hua,
eduenhance,edu enhance,
mypawtique,my pawtique,
nevovi,nevovi,
keithprints,keith prints,
odamps,odamps,
peopleidc,people idc,
meerkatcandleco,meerkat candle co,
webzicart,webzi cart,
bamnyankees,bamn yankees,
mattandchandana,matt and chandana,
bitcoinsobrelasnubes,bitcoin sobre las nubes,
maparealestate,mapa real estate,
catylookfashion,caty look fashion,
tourascohotels,tourasco hotels,
objxn,objxn,
keskincampvc,keskin camp vc,
imitbbs,imit bbs,
williamsandsoncarriers,williams and son carriers,
driftandlift,drift and lift,
masozisilan,masozi silan,
buildhouseconstruction,build house construction,
vensasafe,vensa safe,
digitalwellbeingintl,digital wellbeing intl,
mlkemstandard,mlkem standard,
liquiditysoftware,liquidity software,
onemillionbaby,one million baby,
dailylifeguru,daily life guru,
bymoiselle,by moiselle,
linkautobuyers,link auto buyers,
nilpill,nil pill,
mandatix,mandatix,
cylaraserum,cylara serum,
taxivtctoledo,taxi vtc toledo,
casinobrz,casino brz,
precotiza,precotiza,
stealthprime,stealth prime,
mycroftgroup,mycroft group,
alignametrology,aligna metrology,
myhappygirlfriend,my happy girlfriend,
limpiezasfm,limpiezas fm,
fathomcycle,fathom cycle,
godfreymutizwa,godfrey mutizwa,
merlenesulph,merlene sulph,
shulaac,shula ac,
foreverafterflorals,forever after florals,
haiyinshe,hai yin she,haiyin she
designcer,design cer,
eaigod,eai god,
brennansyuma,brennans yuma,
laceypetwaste,lacey pet waste,
chicagogiant,chicago giant,
starwarslamps,star wars lamps,
thehouseofalchemy,the house of alchemy,
tayloreliteco,taylor elite co,
asbabkshy,as babkshy,
mcpharmauk,mc pharma uk,
youtubefr,youtube fr,
darcyzerafadesigns,darcy zerafa designs,
webfluo,web fluo,
nimblereact,nimble react,
dwlawncareok,dw lawn care ok,
elinmonroe,elin monroe,
fdgestudio,fdge studio,
zoialliance,zoi alliance,
emotoindustriez,emoto industriez,
qwinweb,qwin web,
aumdefi,aum defi,
petmalia,pet malia,
myrecoverypartner,my recovery partner,
himmia,himmia,
redditprofdrsuleymantas,reddit prof dr suleyman tas,
xmbaidun,xm baidun,
kghiwhnb,kghiwhnb,
resovista,resovista,
helloribbonjastip,hello ribbon jastip,
thebearweekender,the bear weekender,
hnzqyy,hn zqyy,
linguaops,lingua ops,
satishindu,satish indu,
fourseasonsmarbellaforsale,four seasons marbella for sale,
narrasbeautybar,narras beauty bar,
ubewebstudio,ube web studio,
rapidweightlossmethod,rapid weight loss method,
rvredeem,rv redeem,
kaykaytruckbodybuilders,kaykay truck body builders,
notebuoy,note buoy,
spectryxtech,spectryx tech,
teamjessebigras,team jesse bigras,
pobrepelaoeats,pobre pelao eats,
elgerbastore,el gerba store,
gabrielhillman,gabriel hillman,
wizretailer,wiz retailer,
devagencydiagnostic,dev agency diagnostic,
iepbrightpath,iep bright path,
balticapart,baltic apart,
shanxiyinghuodongli,shanxi ying huo dong li,shanxi ying huo dongli
nepalemerge,nepal emerge,
toasteddaily,toasted daily,
sunehracollections,sunehra collections,
csfabrications,cs fabrications,
khamchua,kham chua,
buypropertyegypt,buy property egypt,
ekpeasuquofamily,ekpe asuquo family,
joinmethodic,join methodic,
restroomsuiteco,restroom suite co,
studioponi,studio poni,
quovue,quovue,
carnoisseursg,carnoisseur sg,
growthdrift,growth drift,
rfphoneappointment,rf phone appointment,
mjtsystems,mjt systems,
androshchuk,androshchuk,
pirlie,pirlie,
barbarajohnsevents,barbara johns events,
oristotle,oristotle,
spadeadvert,spade advert,
nexalect,nexalect,
hexaponic,hexaponic,
oaklandsbrightlingsea,oaklands brightlingsea,
buildmybusinesstoolkit,build my business toolkit,
nextstarremodeling,next star remodeling,
gvlrealty,gvl realty,
annamesewicz,anna mesewicz,
lucyandmattswedding,lucy and matts wedding,
charredoakclub,charred oak club,
mawuenya,mawuenya,
doineedrootcanal,do i need root canal,
designerconnewyork,designer con new york,
ashbirdfoodindex,ash bird food index,
kinforgood,kin for good,
scoutlinksport,scout link sport,
devoolpro,devool pro,
sattamatkaonlineapp,satta matka online app,
resewa,resewa,
ymaomao,y mao mao,
adoptskills,adopt skills,
brotmanconsulting,brotman consulting,
allbrightproperty,all bright property,
inovaagro,inova agro,
goldsig,gold sig,
drcalmsprescription,dr calms prescription,
thewilliamsabneyfamily,the williams abney family,
xangfu,xang fu,
tecairhvac,tec air hvac,
preciousgreg,precious greg,
cocooncolor,cocoon color,
hindsighthops,hindsight hops,
lazysussan,lazy sussan,
crecerescumpliretapas,crecer es cumplir etapas,
axavivebuy,axavive buy,
hitzefuchs,hitze fuchs,
pomasp,pomasp,
zeuvylhfewsyuml,zeuvylhfewsyuml,
rongzhiy,rongzhi y,rong zhi y
bhavikarora,bhavik arora,
coatedcandy,coated candy,
sonnetconsultancy,sonnet consultancy,
weareshitai,we are shitai,we are shit ai
thecontechgtm,the contech gtm,
aldakhlia,al dakhlia,
sumbunniescreations,sum bunnies creations,
urbanghosla,urban ghosla,
hooperlamps,hooper lamps,
divibodimobilephlebotomyservices,divi bodi mobile phlebotomy services,divibodi mobile phlebotomy services
koshaecovillage,kosha eco village,
prostatitisplan,prostatitis plan,
aboutsem,about sem,
yiktung,yik tung,
moneytalkzone,money talk zone,
homeloansfixed,home loans fixed,
ucorestrategy,u core strategy,
plasticsfilters,plastics filters,
fixmynav,fix my nav,
talbotmade,talbot made,
mwelectricaltesting,mw electrical testing,
blackbeltbd,black belt bd,
tattoodesignpackage,tattoo design package,
thepoetryflowers,the poetry flowers,
starquakemusic,starquake music,star quake music
startupcreditpassport,startup credit passport,
tlonext,tlo next,
almaveinservices,alma vein services,
olxtotoyou,olx toto you,
saysgo,says go,
augmence,augmence,
occoman,occoman,
newlawninoneday,new lawn in one day,
indiavisaadvisory,india visa advisory,
albuterolz,albuterolz,
mqhouyi,mq hou yi,mq houyi
bkkgarage,bkk garage,
middleearthvilla,middle earth villa,
homivos,homivos,
chuangxiangyungou,chuang xiang yun gou,
veloopta,velo opta,
martechads,martech ads,
ddbravi,dd bravi,
auremjournal,aurem journal,
momskitchenchaos,moms kitchen chaos,
theseattletallship,the seattle tall ship,
meetpublicly,meet publicly,
exclusivepointe,exclusive pointe,
sakumusic,saku music,
setpartwear,set part wear,
fermimedeng,fermi medeng,
deeplinedeveloper,deepline developer,
bibday,bib day,
rootscolumbia,roots columbia,
artlinglong,art ling long,art linglong
kudachisilkfactory,kudachi silk factory,
gardlabs,gard labs,
auraandhue,aura and hue,
fyunhua,fyun hua,fyunhua
atmcarparts,atm car parts,
lorenzaemichele,lorenza e michele,
liorasys,liora sys,
sumeijia,su mei jia,sumei jia
ouniversodagatamia,o universo da gata mia,
theokdesign,the ok design,
seacliffcoast,sea cliff coast,
indacrendlwed,indac rendl wed,
artharsis,artharsis,
foliras,foliras,
kikimel,kiki mel,
mpclocyfse,mpc locyfse,
axemenapparel,axemen apparel,
markovaai,markova ai,
joleenecuster,joleene custer,
crystalhartmusic,crystal hart music,
nasharic,nasha ric,
quietshutterstudio,quiet shutter studio,
oxagonlog,oxagon log,
ramiiyer,rami iyer,
obrasfkr,obras fkr,
meghanterroristjibe,meghan terrorist jibe,
fitnesscutie,fitness cutie,
soaringeaglesventures,soaring eagles ventures,
sohusportschina,sohu sports china,
nancymarierodriguez,nancy marie rodriguez,
sweetgrassartstudio,sweetgrass art studio,sweet grass art studio
jcdtextile,jcd textile,
bureaufrauderechtengeldzaken,bureau fraude rechten geldzaken,
pretoriusandco,pretorius and co,
brokascups,brokas cups,
publicinterestinstitutebhm,public interest institute bhm,
wildlifepuppys,wildlife puppys,
fawaidalqulub,fawaid al qulub,
thermahugcomany,thermahug comany,
kunstmoment,kunst moment,
luxivu,luxi vu,
chombiops,chombi ops,
bsvfincorp,bsv fin corp,
mamabecage,mama be cage,
labtomedia,lab to media,
lgcreationbougie,lg creation bougie,
reidasfigs,reidas figs,
willcallyou,will call you,
prismapeptides,prisma peptides,
energydump,energy dump,
recruitmentgodzy,recruitment godzy,
mohsincorporation,mohsin corporation,
rendezvouse,rendezvouse,
atmtshirts,atm tshirts,
mondialrelayeu,mondial relay eu,
yiliansheng,yi lian sheng,yilian sheng
qrurio,qrurio,
jplazamarketing,j plaza marketing,
beebotik,beebotik,
bowcreekkennelspoodles,bow creek kennels poodles,
pawdant,paw dant,
mymahjongtables,my mahjong tables,
studiocarterllc,studio carter llc,
apknekototo,apk neko toto,
disablityva,disablity va,
writeupthere,write up there,
racineandjaques,racine and jaques,
ariseaipro,arise ai pro,
cursivegeneratortool,cursive generator tool,
biztermsnego,biz terms nego,
heyjungler,hey jungler,
nagarsell,nagar sell,
myescondido,my escondido,
noveltymed,novelty med,
tuffycfl,tuffy cfl,
aprimelink,a prime link,
wohlstandsvorsorge,wohlstandsvorsorge,
dunebike,dune bike,
returnkite,return kite,
neogendigital,neogen digital,
neturelife,neture life,
recurringagent,recurring agent,
breatheandfunction,breathe and function,
unrhealth,unr health,
designomode,designo mode,
telepwoir,telepwoir,
nakshatraconstructions,nakshatra constructions,
oturmaplani,oturma plani,
lolainezbeauty,lola inez beauty,
kalabt,kalabt,
idesignu,i design u,
combatceo,combat ceo,
ancestormoneyart,ancestor money art,
firmfm,firm fm,
somalyx,somalyx,
surerecruitclean,sure recruit clean,
oceanofpeacesangha,ocean of peace sangha,
trendyhemp,trendy hemp,
corecompasscoach,core compass coach,
itorzo,itorzo,
isellcampers,i sell campers,
relaxasaprental,relax asap rental,
gogldn,gogldn,
xyzproduction,xyz production,
kickboxingterapie,kickboxing terapie,
skarlisresearch,skarlis research,
galanthiaslovik,galanthia slovik,
crickflix,crick flix,
deliziedelsole,delizie del sole,
boricanadesign,boricana design,
rickybobbylogisticsgroup,ricky bobby logistics group,
euquismorrer,eu quis morrer,
reevampdbyree,reevampd by ree,
camillewixon,camille wixon,
lumiamood,lumia mood,
minhacasaconectadakatiacristina,minha casa conectada katia cristina,
biodigitalstandard,biodigital standard,
thrasherthermalsolution,thrasher thermal solution,
themistresscarriepodcast,the mistress carrie podcast,
komininsight,komin insight,
laundromatcashoffer,laundromat cash offer,
ecomusehome,eco muse home,
everythingshadow,everything shadow,
mycetreviewer,mycet reviewer,
stefaniekraut,stefanie kraut,
guruslop,guru slop,
creaiforyou,creai for you,
gandharabuddhatours,gandhara buddha tours,
devsbay,devs bay,
smartelevatoregypt,smart elevator egypt,
andieplunkett,andie plunkett,
myaishoes,my ai shoes,
tkouzwebsites,tkouz websites,
undernewmarketing,under new marketing,
naturecapturingnature,nature capturing nature,
sanjaiworks,sanjai works,
tifanift,tifa nift,
damanofficial,daman official,
yaarwinapk,yaar win apk,
caipibara,caipibara,
bistroreserve,bistro reserve,
lingduhb,ling du hb,lingdu hb
oulidexz,oulidexz,
sevairo,sevairo,
taskblu,task blu,
petitdous,petit dous,
perfectlyuseful,perfectly useful,
urbanacbaroda,urban ac baroda,
boomingtopp,booming topp,
cuddlinghardcore,cuddling hardcore,
lovewagshere,love wags here,
borneofairy,borneo fairy,
reutherconsulting,reuther consulting,
samayamtelugudaily,samayam telugu daily,
suppertour,supper tour,
michiganfencing,michigan fencing,
dackelalarm,dackel alarm,
tidalshaft,tidal shaft,
vippharmallc,vip pharma llc,
fenglachina,feng la china,fengla china
dailyskinwisely,daily skin wisely,
pwanged,pwanged,
spectronindia,spectron india,
bbplanthire,bb plant hire,
cryptolawandpolicy,crypto law and policy,
surveyourapp,survey our app,
dudetoday,dude today,
lemonvital,lemon vital,
embryocycle,embryo cycle,
elevenpilot,eleven pilot,
lyxconcierge,lyx concierge,
habitsmon,habits mon,
milenacooperadvisory,milena cooper advisory,
swarmproxies,swarm proxies,
kernelgear,kernel gear,
brodarex,brodarex,
ihatestudies,i hate studies,
friantostrichranch,friant ostrich ranch,
joyusjoy,joyus joy,
cubeica,cubeica,
zoomwoodshop,zoom wood shop,
yfgtgs,yfgtgs,
theartistsnotebook,the artists notebook,
casimara,casimara,
speakeasynashvilletours,speakeasy nashville tours,
epilorientbyhanna,epil orient by hanna,epilorient by hanna
voxdigest,vox digest,
vectoropscloud,vectorops cloud,vector ops cloud
dwelet,dwelet,
essentiabelleza,essentia belleza,
zlpropertymanagement,zl property management,
woknrollportorange,wok n roll port orange,
mediakhamovniki,media khamovniki,
truckerbusiness,trucker business,
athoralivbridge,athora liv bridge,
annlyzsagou,annlyz sagou,
buenodestinations,bueno destinations,
autodealershipaiagents,auto dealership ai agents,
uswhitefox,us white fox,
jamesmotorcars,james motor cars,
giuggishop,giuggi shop,
unchartedescapestravel,uncharted escapes travel,
plataautogroup,plata auto group,
youyitrade,you yi trade,youyi trade
apermanentcontrarian,a permanent contrarian,
soldbytiktok,sold by tiktok,
theroboinn,the robo inn,
knowthestorycurriculum,know the story curriculum,
learningstayshumanreader,learning stays human reader,
shinybless,shiny bless,
huanfangxintong,huan fang xin tong,huanfang xintong
paversupplier,paver supplier,
lamaisondutshirt,la maison du tshirt,la maison du t shirt
rishavirese,risha virese,
bonnietoland,bonnie toland,
berrynutsgt,berry nuts gt,
edensprettyhands,edens pretty hands,
rallyandraise,rally and raise,
pixtest,pix test,
shophney,shop hney,
sajdastudio,sajda studio,
geniusnumber,genius number,
mementorecall,memento recall,
divinetourz,divine tourz,
llmsareconscious,llms are conscious,
lumaluminotherapie,luma luminotherapie,
miguelchapa,miguel chapa,
outermosthauling,outermost hauling,
danvilleballetacademy,danville ballet academy,
nehnahaddak,nehna haddak,
suggescore,suggescore,
trendspacefr,trend space fr,
claritycleanatlanta,clarity clean atlanta,
lukejuice,luke juice,
hoofywood,hoofywood,
samuelcorel,samuel corel,
crexapors,crexapors,
jelyhealth,jely health,
retirementprojector,retirement projector,
hzavps,hz avps,
digipulldesign,digi pull design,
centricatlas,centric atlas,
badonext,bado next,
kolkraft,kol kraft,
nuitspaisibles,nuits paisibles,
ymiagroup,ymia group,
pluracell,plura cell,
iamsomebodys,i am somebodys,
eicsf,eicsf,
maklarcheck,maklar check,
valcroa,valcroa,
lmguildmanager,lm guild manager,
flowtekco,flow tek co,
egformation,eg formation,
solidcorebuilderandremodeler,solidcore builder and remodeler,solid core builder and remodeler
sudsybudspetspa,sudsy buds pet spa,
sandersbakersfieldmobilenotary,sanders bakersfield mobile notary,
soltp,soltp,
lilyhousehold,lily household,
softwarestreaming,software streaming,
amasyalilaroto,amasyalilar oto,
captivateclicklighthouse,captivate click lighthouse,
onpointmedcouriers,on point med couriers,
sriccerlogistics,sriccer logistics,
ronsglobalrecordstv,rons global records tv,
homesbymaple,homes by maple,
goldenhelpviet,golden help viet,
verdolenmail,verdolen mail,
mongkolsri,mongkol sri,
ayrencartier,ayren cartier,
badgerbakery,badger bakery,
katomu,katomu,
smithgrovefarm,smith grove farm,
webremedies,web remedies,
scaletrendgrow,scale trend grow,
kidelya,kidelya,
thedaytonbrief,the dayton brief,
agencedepublicitelaval,agence de publicite laval,
clearchristianitypodcast,clear christianity podcast,
pulseaso,pulse aso,
deargodthankful,dear god thankful,
mztlprotechs,mztl pro techs,
paracritique,para critique,
nabokji,nabokji,
authormailinglists,author mailing lists,
pacemilitaryhousing,pace military housing,
baijixiong,bai ji xiong,
uaestori,uae stori,
tresordepriere,tresor de priere,
framesengine,frames engine,
mygotickets,my go tickets,
klaritysa,klarity sa,
bookrivieradriver,book riviera driver,
oasisworkz,oasis workz,
sportsbookbettingpromotions,sportsbook betting promotions,
reviseguruai,reviseguru ai,revise guru ai
thompsonimage,thompson image,
kanqiudinets,kan qiu di nets,kanqiu di nets
zhengyetechnology,zheng ye technology,zhengye technology
xqsyx,xqsyx,
cositasllc,cositas llc,
dahlonomicon,dahlonomicon,dahl onomicon
centraldispatchcars,central dispatch cars,
opalwellnesscoaching,opal wellness coaching,
newharveststockton,new harvest stockton,
mehakirfan,mehak irfan,
touchbattle,touch battle,
myworldeskhost,my world esk host,
djtcstix,dj tc stix,
futureshopnow,future shop now,
wildlykute,wildly kute,
stephcanelaa,steph canelaa,
painelff,painel ff,
soradealer,sora dealer,
autisticalien,autistic alien,
asistenvirtualdinkesdiy,asisten virtual dinkes diy,
derekwang,derek wang,
maryxparis,mary x paris,
seasonofstrong,season of strong,
sweetlifewithrach,sweet life with rach,
ronbluewoodenboats,ron blue wooden boats,
draftbeersysteminstallationexperts,draft beer system installation experts,
workshopcosmeticpower,workshop cosmetic power,
summersnowcosmeticz,summer snow cosmeticz,
diabetopia,diabetopia,
mamaikesays,mama ike says,
yascor,yascor,
luckylifewinners,lucky life winners,
onlyaboutjesuschrist,only about jesus christ,
youngadventurous,young adventurous,
lashantah,lashantah,
walgainauctions,walgain auctions,
mcblvdofficial,mc blvd official,mcblvd official
starnaildanvilleva,star nail danville va,
stickynotebrain,sticky note brain,
thainabontempo,thaina bontempo,
sippingpro,sipping pro,
trissoccer,tris soccer,
lattedwellerhub,latte dweller hub,
segarajayapools,segara jaya pools,
alegracompany,alegra company,
natashay,natashay,
marinnostalgia,marin nostalgia,
clukeyspropertyservices,clukeys property services,
plasticmachhub,plastic mach hub,
veritasaipartners,veritas ai partners,
lifestylespotter,lifestyle spotter,
andrienstours,andriens tours,
wearsutrika,wear sutrika,
seeclinica,see clinica,
jarvuz,jarvuz,
valuecopywriting,value copywriting,
vaktedair,vakted air,
hanaanlone,hanaan lone,
bajeeapk,bajee apk,
veridianeducation,veridian education,
shannonmccarthygroup,shannon mccarthy group,
escuelacefolog,escuela cefolog,
tamkivam,tam kivam,
yxkpt,yxkpt,
noorplasticsindustry,noor plastics industry,
dostmetal,dost metal,
hoqalo,hoqalo,
appagreegate,app agreegate,app agree gate
unicorngoo,unicorn goo,
cmomarista,cmo marista,
foammodular,foam modular,
allannu,allan nu,
ratonstechbaxiar,ratons tech baxiar,
lodgekeys,lodge keys,
pocognomes,poco gnomes,
droneblind,drone blind,
phystokens,phys tokens,
genevsloanauthor,gene v sloan author,
pestroot,pest root,
spacedownstream,space downstream,
xuntianev,xun tian ev,xuntian ev
schoolculturecoach,school culture coach,
beyondstarsai,beyond stars ai,
destinedtotraveltheworld,destined to travel the world,
svsdynamics,svs dynamics,
getpartycart,get party cart,
travelwithmap,travel with map,
magnivere,magnivere,
servnox,servnox,
tarmaxasphalt,tarmax asphalt,
ninaoficial,nina oficial,
lofdiz,lofdiz,
evawhispers,eva whispers,
rryybb,rryybb,
theaiunpacked,the ai unpacked,
metagetic,metagetic,
theshotphotos,the shot photos,
moonlightridgeky,moonlight ridge ky,
jakesdiscoveries,jakes discoveries,
ximplesoft,ximple soft,
shopgeekcase,shop geek case,
forgettax,forget tax,
hushrooms,hush rooms,
kalonfamilymedicine,kalon family medicine,
tourtehachapi,tour tehachapi,
lanwellness,lan wellness,
gymbiosis,gymbiosis,
lambtreat,lamb treat,
klowr,klowr,
getpainminer,get pain miner,
simpliscredi,simplis credi,
lovewonanother,love won another,
shaheenbd,shaheen bd,
missionrockrezs,mission rock rezs,
tratochat,trato chat,
jonhandyman,jon handyman,
kirksarvek,kirk sarvek,
crecivia,crecivia,
univityai,univity ai,
theorchardcpfv,the orchard cpfv,
nomecallo,no me callo,
operacionesblackroom,operaciones blackroom,
midwestfiberwitch,midwest fiber witch,
domainsixtech,domain six tech,
komsuusta,komsu usta,
atmhomeandgarden,atm home and garden,
bromsgrovesportingcolts,bromsgrove sporting colts,
milmarlogistic,milmar logistic,
reaenterprise,rea enterprise,
inspirofy,inspirofy,
sfaculture,sfa culture,
gobigorangeinjurylaw,go big orange injury law,
gatemetra,gate metra,
jnboligeduan,jn boli ge duan,
triangleretreat,triangle retreat,
jobsinkind,jobs in kind,
descomplicandoestetica,descomplicando estetica,
cloudkris,cloud kris,
yoicamx,yoi camx,
villapinea,villa pinea,
hoboubalqahwah,hoboub al qahwah,
horseracingvenueqiddiyacity,horse racing venue qiddiya city,
badtwincappartners,bad twin cap partners,
terrataratn,terra tara tn,
hafenbracklaw,hafen brack law,
heavenlybabybliss,heavenly baby bliss,
bandicootcollectibles,bandicoot collectibles,
chefspree,chef spree,
picniconthehembrug,picnic on the hembrug,
marcianicidasparties,marcianicidas parties,
scottymojo,scotty mojo,
cherieandchris,cherie and chris,
desertsquid,desert squid,
adnarrator,ad narrator,
thrivethroughbc,thrive through bc,
edcogermany,edco germany,
pbjkprint,pbjk print,
sellingtheslopestosurf,selling the slopes to surf,
sequoiaworkops,sequoia work ops,
fysyzq,fysyzq,
kingsoftailgating,kings of tailgating,
luximashopping,luxima shopping,
khulnaalldoctorsheba,khulna all doctor sheba,
benitogarments,benito garments,
capitalbadtwindeals,capital bad twin deals,
unswot,unswot,
healthreadycare,health ready care,
thecardpirate,the card pirate,
aruceramics,aru ceramics,
plscaravan,pls caravan,
exploreinfrance,explore in france,
artchicklily,art chick lily,
orvexcollective,orvex collective,
snagshark,snag shark,
firstuniversenursery,first universe nursery,
knockoutcanine,knockout canine,
arvoplast,arvo plast,
agirdeaaz,agirdea az,
lanmemory,lan memory,
turkiran,turk iran,
willmorecargo,willmore cargo,
cleannutritionlab,clean nutrition lab,
mauricebus,maurice bus,
keyifmarket,keyif market,
rizzoradicalrentalrides,rizzo radical rental rides,
theotheristanbul,the other istanbul,
tampsales,tamp sales,
smartcheckpwa,smart check pwa,
debtfreedaddy,debt free daddy,
sportpeformance,sport peformance,
saparataplush,sapa rata plush,
joinpalmerastaffing,join palmera staffing,
forogeelystarray,for ogeely starray,
colinlillichmusic,colin lillich music,
mariachiacapulcomiami,mariachi acapulco miami,
eliteconcreteal,elite concrete al,
royalaircooling,royal air cooling,
interbinova,inter binova,
firstfiftyonline,first fifty online,
aitenmed,aiten med,
mdtykj,mdty kj,
kyvuro,kyvuro,
turfmasterlandscape,turf master landscape,
fortunasystem,fortuna system,
expectingsettlement,expecting settlement,
xppop,xp pop,
patriciaclubmatriz,patricia club matriz,
progressretreat,progress retreat,
sulemanfarhan,suleman farhan,
mamaeclara,mamae clara,
calendarautomationai,calendar automation ai,
packpressure,pack pressure,
cdjinlu,cd jin lu,
finddoq,find doq,
dietaketogenica,dieta ketogenica,
maddiehq,maddie hq,
iagilife,iagi life,
aervanteauto,aervante auto,
isleviiicosmetics,isle viii cosmetics,
nsoiree,n soiree,
hersheypaintingcompany,hershey painting company,
remitewealth,remite wealth,
jdphy,jdphy,
maoripeople,maori people,
leapios,leap ios,
vemofuel,vemo fuel,
uninmd,unin md,
aidronelicense,ai drone license,
itemslending,items lending,
murmurlivemusic,murmur live music,
hgwiew,hg wiew,
beykozsafari,beykoz safari,
cornerstonefamilyinvestments,cornerstone family investments,
saltflowertiles,salt flower tiles,
lianqinla,lian qin la,lianqin la
eidgk,eidgk,
patinastain,patina stain,
spbreview,spb review,
littleeconest,little eco nest,
coppercanyonlhc,copper canyon lhc,
kyzarmusic,kyzar music,
nantpc,nant pc,
yibeilogin,yibei login,
greyinpg,grey in pg,
grantreportai,grant report ai,
deadbeatdan,deadbeat dan,
servicesdrooper,services drooper,
dukeofkingston,duke of kingston,
roamblr,roamblr,
wooduction,wooduction,
newstimcheck,new stim check,
pkwsimply,pkw simply,
thinideemissie,thin idee missie,
scalingugc,scaling ugc,
theexpertlearner,the expert learner,
graceleong,grace leong,
hyllotechnologies,hyllo technologies,
wavelybooks,wavely books,
builtbyprium,built by prium,
tarokawazoe,taro kawazoe,
remitsouq,remit souq,
technologywings,technology wings,
brightnoisecreative,bright noise creative,
truerepco,true repco,true rep co
coilie,coilie,
bettonit,betton it,
thetimermachine,the timer machine,
srihithchennareddy,sri hith chenna reddy,
gatheringsagency,gatherings agency,
unifiedtravelcollective,unified travel collective,
thedanbees,the dan bees,
dreamitbetter,dream it better,
embodeedbeautybar,embodeed beauty bar,
sydneyre,sydney re,
contactpdf,contact pdf,
getarborapp,get arbor app,
veramiera,vera miera,
simpleguidehub,simple guide hub,
careforclarity,care for clarity,
stockjws,stock jws,
refundsandcompensation,refunds and compensation,
bcscorrugated,bcs corrugated,
riseandrootmedia,rise and root media,
datapulseen,datapulse en,data pulse en
studiolamsa,studio lamsa,
pixelpioneerwd,pixel pioneer wd,
romagladiatrix,roma gladiatrix,
truefreedombook,true freedom book,
begumverjee,begum verjee,
trackdak,track dak,
rzyxtm,rzyxtm,
likenewstudio,like new studio,
alteraminds,altera minds,
ordinarylane,ordinary lane,
infintidealerinchicago,infinti dealer in chicago,
acginversionescrm,acg inversiones crm,
gowewellstay,go we well stay,
valorlivingusa,valor living usa,
bonuscm,bonus cm,
autismsocialclub,autism social club,
prematie,prematie,
michikomama,michiko mama,
bigmackstack,big mack stack,
thelionroot,the lion root,
bestdealdelivery,best deal delivery,
blincarchives,blinc archives,
scomps,scomps,
appdevisminute,app devis minute,
kingleivataxservices,king leiva tax services,
pepeesaleabbigliamento,pepe e sale abbigliamento,
fastechhvac,fastech hvac,
delandepoxyflooringandconcretepolishing,deland epoxy flooring and concrete polishing,
popcupworld,pop cup world,
nextboundary,next boundary,
novahaulshop,nova haul shop,
reservethereserve,reserve the reserve,
nitroframes,nitro frames,
niceaspie,nice aspie,
btcapteam,bt cap team,
thehausofaphrodite,the haus of aphrodite,
dazhichuhai,dazhi chu hai,
minnchildpress,minn child press,
cortexgtm,cortex gtm,
familiebook,familie book,
theemeraldhealingcenter,the emerald healing center,
onlyprabs,only prabs,
tehwongdesa,teh wong desa,
cyberdoctrinehq,cyber doctrine hq,
gsmarenareviwe,gsmarena reviwe,
acrapster,a crapster,
amairachromatek,amaira chromatek,
lankabasket,lanka basket,
sacvintageparis,sac vintage paris,
thepropertybid,the property bid,
preranasikshnafoundation,prerana sikshna foundation,
textitie,textitie,
noisegame,noise game,
harlowmason,harlow mason,
hypepelli,hype pelli,
rumbleandhoney,rumble and honey,
militoniatrading,militonia trading,
earningstranscriptapi,earnings transcript api,
juguangrebang,ju guang re bang,juguang re bang
fleximaterials,flexi materials,
collectionzaccone,collection zaccone,
appswedo,apps wedo,
pokenii,pokenii,
yingxueba,ying xue ba,
alamarmaadengoldmining,al amar maaden gold mining,
homeportrally,home port rally,
getdatamatic,get datamatic,
bjama,bjama,
chevyonirvingpark,chevy on irving park,
wallartnest,wall art nest,
arcadivx,arca divx,
reliancetempweb,reliance temp web,
webuyjimihendrix,we buy jimi hendrix,
aysateknolojim,aysa teknolojim,
htruths,h truths,
aureliacreatives,aurelia creatives,
pamandu,pamandu,
rahmwear,rahm wear,
helpyouican,help you i can,
thehourshape,the hour shape,
beartownink,bear town ink,
dianedunn,diane dunn,
splatium,splatium,
knafaimboutique,knafaim boutique,
helpdeskin,help desk in,
usegrowthpath,use growth path,
lugazette,lu gazette,
vagoscut,vagos cut,
wecleanhvac,we clean hvac,
lussilabaya,lussil abaya,lussila baya
highlandmediahouse,highland media house,
leafsluggercolumbus,leaf slugger columbus,
dispatchhubx,dispatch hub x,
syntoa,syntoa,
gridriftco,grid rift co,
pierrevalon,pierre valon,
lavkarhomeservices,lavkar home services,
jsppa,jsppa,
topgearma,top gear ma,
votopy,votopy,
executivecasinotrips,executive casino trips,
zxylw,zxylw,
proeegconsultants,pro eeg consultants,
tomtabachynskyguitar,tom tabachynsky guitar,
sneakinpeeks,sneakin peeks,
avielohayon,aviel ohayon,
michellaonline,michella online,
northstarbible,north star bible,
tangatainsights,tangata insights,
ludengine,lud engine,
planocomdeus,plano com deus,
peloquiz,pelo quiz,
drakovibe,drako vibe,
launchboxgrp,launchbox grp,
nikfrancey,nik francey,
fillslab,fills lab,
theflippingcalculator,the flipping calculator,
sealiora,sealiora,
homeupgradecheck,home upgrade check,
habiaunavezbooks,habia una vez books,
lawnworksai,lawn works ai,lawnworks ai
dklawcs,dk law cs,
sadalglobal,sadal global,
beforeibite,before i bite,
trimweightprotocol,trim weight protocol,
phuketlasik,phuket lasik,
plaquedirect,plaque direct,
toriandnate,tori and nate,
tempoconstrutora,tempo construtora,
debeimetal,debei metal,
ogkasongo,og kasongo,
hotelauth,hotel auth,
ingallsconstructionllc,ingalls construction llc,
gellette,gellette,
marcesocials,marce socials,
bronztaco,bronz taco,
retroclassicstyle,retro classic style,
neongrasp,neon grasp,
cartlyst,cartlyst,
theclarityone,the clarity one,
flymundo,fly mundo,
bakinopuno,bakino puno,
jetsatisfaction,jet satisfaction,
nirelmagazine,nirel magazine,
woagix,woagix,
wilpattusafariservices,wilpattu safari services,
asphodelforensics,asphodel forensics,
bondgoapp,bond go app,
flawttery,flawttery,
vintedvends,vinted vends,
trackmycv,track my cv,
goprintmemories,go print memories,
sgpropertywise,sg property wise,
gfnrjuqbdlwwy,gfnrjuqbdlwwy,
maryjovelasquez,mary jo velasquez,
legacymfgroup,legacy mf group,
akropolitavernagreca,akropoli taverna greca,
gljlzy,gljlzy,
fluentimpactebooks,fluent impact ebooks,
copalaestrella,copa la estrella,
sexfreenet,sex free net,
hospitalpatientportal,hospital patient portal,
withpilgrim,with pilgrim,
georgeandlucky,george and lucky,
ormula,ormula,
hockhochheim,hock hochheim,
tilawahplatform,tilawah platform,
luxvendorz,lux vendorz,
kellikomi,kelli komi,
norskhydrocorporation,norsk hydro corporation,
samosachutny,samosa chutny,
theattachmentreset,the attachment reset,
munitymc,munity mc,
itemstv,items tv,
musashihumphrey,musashi humphrey,
strrlpe,strrlpe,
softoracles,soft oracles,
samevanssupersyrup,sam evans super syrup,
chaoxm,chao xm,
lunaseacharters,luna sea charters,
geekmenight,geek me night,
nellbraxtongibson,nell braxton gibson,
loadxai,load x ai,
pilorizo,pilorizo,
automakeraio,automaker aio,
triologytech,triology tech,
grinandairit,grin and air it,
dogswienerbusiness,dogs wiener business,
albsinglesusa,alb singles usa,
isleviii,isle viii,
tirautomation,tir automation,
verrehere,verre here,
vantagecareconnect,vantage care connect,
plesec,plesec,
labcohort,lab cohort,
dsrstudio,dsr studio,
freshwaterregistry,freshwater registry,
mappedanesthesiacareers,mapped anesthesia careers,
harsimratandjasmin,harsimrat and jasmin,
nomoska,nomoska,
tybeeislandbaitshop,tybee island bait shop,
humancentricgroup,humancentric group,human centric group
somosaleria,somos aleria,
thymanyc,thyma nyc,
medescola,med escola,
intermarymail,intermary mail,
simmplag,simm plag,
siteworkmath,site work math,
runnerguides,runner guides,
enzoadeagbo,enzo adeagbo,
mommylogs,mommy logs,
eraslanlevent,eraslan levent,
diamonddogsntsc,diamond dogs ntsc,
thesnailmailer,the snail mailer,
silverqueenstyling,silver queen styling,
filmytalkie,filmy talkie,
theminebrand,the mine brand,
belstil,bel stil,
tallpoet,tall poet,
architectureoflegitimateaction,architecture of legitimate action,
bossego,bossego,
ayjrjcgs,ayjrjcgs,
aegispact,aegis pact,
phonerva,phone rva,
desertxg,desert xg,
hbcuchamps,hbcu champs,
blackicematters,black ice matters,
drjihadbriki,dr jihad briki,
agifiles,agi files,
grailstcg,grails tcg,
sscapitalwealth,ss capital wealth,
rockygapranch,rocky gap ranch,
newhealingcenter,new healing center,
bestimmigrationconsultantchandigarh,best immigration consultant chandigarh,
yourwelcomehosting,your welcome hosting,
youngdryrice,young dry rice,
shivamnegi,shivam negi,
siliaodian,si liao dian,siliao dian
alanesaveboutique,alane save boutique,
aerenovation,ae renovation,
thaibizdocs,thai biz docs,
pfintel,pf intel,
aiguitian,ai gui tian,
alekogotscheff,aleko gotscheff,
teleoperationrobot,teleoperation robot,
jravionics,jr avionics,
thecleve,the cleve,
kindlingfarm,kindling farm,
alexandrana,alexandra na,
sparetimednd,spare time dnd,
publicfrptool,public frp tool,
farangzoo,farang zoo,
cleact,cleact,
cellularrefresh,cellular refresh,
tanahin,tanahin,
dradelrayess,dra del rayess,
foresitemarketingfirm,foresite marketing firm,
yxqycpp,yxqycpp,
taxstripper,tax stripper,
imparatorchef,imparator chef,
moonyxtransfer,moonyx transfer,
jeffpickensart,jeff pickens art,
orthohantavirus,ortho hantavirus,
bromptoneering,bromptoneering,
newdestinyrealestate,new destiny real estate,
pausila,pausila,
royaldecreewellness,royal decree wellness,
trxearn,trx earn,
hottubremovalservices,hot tub removal services,
haileydovecote,hailey dovecote,
lauraapps,laura apps,
btwincappractice,btwin cap practice,
appbuildernow,appbuilder now,app builder now
casinoeco,casino eco,
pathosbill,pathos bill,
noirvibe,noir vibe,
timsespekcing,tim sespekcing,
sellwithbrandon,sell with brandon,
agradeplumbing,a grade plumbing,
estateauctioncompaniesnearme,estate auction companies near me,
burkansports,burkan sports,
sonorabim,sonora bim,
qiddiyaperformingartscentre,qiddiya performing arts centre,
marinoschicago,marinos chicago,
trynosecretsauce,try no secret sauce,
cdentdentalclinic,cdent dental clinic,
technologyaiexpo,technology ai expo,
atouchofnicole,a touch of nicole,
harmonykidscare,harmony kids care,
glassafras,glassafras,
ttinggaming,tting gaming,
selfstorageupland,self storage upland,
jmwzi,jmwzi,
avasoyevdenevenakliyat,avasoy evden eve nakliyat,
bosshartfoodservice,bosshart food service,
karenrosebelow,karen rose below,
troycasa,troy casa,
aquatecturethebook,aquatecture the book,
farhoushhub,farhoush hub,
loltoroi,lol toroi,
alamgirfabrics,alamgir fabrics,
villasulejmani,villa sulejmani,
djmxidaddy,dj mxi daddy,
ourdailybreadhub,our daily bread hub,
breathofflame,breath of flame,
lashesbylove,lashes by love,
elitecardmx,elite card mx,
truekismet,true kismet,
homeimproveai,home improve ai,
tsurirepo,tsuri repo,
okdiscuz,ok discuz,
thekidsethiopia,the kids ethiopia,
marketmosaicai,market mosaic ai,
nuansatajamberani,nuansa tajam berani,
diamondcutmuscle,diamond cut muscle,
brionazuppa,briona zuppa,
soulstudents,soul students,
milancheraft,milan cheraft,
barkysupps,barky supps,
cfpetmemorialgardens,cf pet memorial gardens,
quinnsjunkremoval,quinns junk removal,
healthhylife,health hy life,
branditauto,brand it auto,
mendotaway,mendota way,
wolffmilordllc,wolff milord llc,
yehyaissa,yehya issa,
waterprocessgroup,water process group,
orohwellness,oroh wellness,
maisoncocktails,maison cocktails,
anych,any ch,
jomnex,jomnex,
revolutionofunity,revolution of unity,
sithvalley,sith valley,
hanjtk,han jtk,
motivescope,motive scope,
tinynestpick,tiny nest pick,
nguyenbanguyen,nguyen ba nguyen,
puresoulfullifestyle,pure soulful lifestyle,
firearmhouse,firearm house,
victusi,victus i,
nooketo,nooketo,
cadencesportstherapy,cadence sports therapy,
yuanziyunjkfw,yuan zi yun jk fw,
labinstsource,lab inst source,
hurshflightproducts,hursh flight products,
bookpublishingcore,book publishing core,
bulkpackings,bulk packings,
jeremymcpeak,jeremy mcpeak,
dwellsband,dwells band,
nonrevnow,nonrev now,non rev now
dworaczykreunion,dworaczyk reunion,
oldazzgamers,old azz gamers,
lovegobuynow,love go buy now,
mxccon,mxc con,
classicdigitalservices,classic digital services,
carlyue,carl yue,
adnetclient,ad net client,
lilianasantamaria,liliana santamaria,
reducedbizpayments,reduced biz payments,
musiqplay,musiq play,
jingpinzhongyao,jing pin zhong yao,jingpin zhong yao
chittibabuverlag,chitti babu verlag,
davidmcdowellphotography,david mcdowell photography,
calmshet,calm shet,
fixsidekick,fix sidekick,
pulsegoodsshop,pulse goods shop,
resolutionphysicaltherapy,resolution physical therapy,
topqualityvape,top quality vape,
todateapp,to date app,
stretchsphere,stretch sphere,
pefilsa,pefilsa,
christinaformella,christina formella,
andersonlomax,anderson lomax,
capitalsoulradio,capital soul radio,
montizelab,montize lab,
tmcarnivalcouture,tm carnival couture,
cascogolfclub,casco golf club,
wearthewrld,wear the wrld,
wedeliverpower,we deliver power,
maelvia,maelvia,
nuvorasmartfood,nuvora smart food,
aimanxinyi,ai man xinyi,
kraftcountryclub,kraft country club,
pilatesequilibrio,pilates equilibrio,
ofertaeaqui,oferta e aqui,
bymckay,by mckay,
traffickleads,traffick leads,
hosuteru,hosuteru,
umrude,um rude,
synthesx,synthesx,
ericksonians,ericksonians,
northbridgemnt,northbridge mnt,
erhostech,erhos tech,
devraiorganics,devrai organics,
jhbelevate,jhb elevate,
lazycatdesigns,lazy cat designs,
jetinkconsult,jet ink consult,
slipgatedata,slip gate data,
dogtordexter,dogtor dexter,
bidaricoach,bidari coach,
enigmaultimate,enigma ultimate,
qpaiot,qp aiot,
julienelsonre,julie nelson re,
portraithautesensibilite,portrait haute sensibilite,
latinwhere,latin where,
shophardwoodflooring,shop hardwood flooring,
breathlesstaxidermy,breathless taxidermy,
mybaseportfolio,my base portfolio,
imagethe,image the,
hustleguidessa,hustle guides sa,
zoothumbs,zoo thumbs,
snodeoffice,snode office,
walkerpollittllc,walker pollitt llc,
youonogameapp,you ono game app,
freelanex,free lanex,
rosalesshop,rosales shop,
claytriarchy,clay triarchy,
delbosquelab,del bosque lab,
lereperedesmurmures,le repere des murmures,
aerospaceasi,aerospace asi,
orbytetech,orbyte tech,
marozeltrading,marozel trading,
zadcity,zad city,
noneedlescuttingdowntime,no needles cutting downtime,
manuscriptumai,manuscriptum ai,
rankcraftweb,rank craft web,
matterfactored,matter factored,
publiclandownerhub,public landowner hub,
wangchangan,wang chang an,wangchang an
demikamson,demikamson,
lavincilondon,la vinci london,
winebaycn,wine bay cn,
gamingcapture,gaming capture,
sexydivinafigura,sexy divina figura,
fairfaxcriminallaw,fairfax criminal law,
ouppsai,oupps ai,
lukerey,luke rey,
koukainai,koukai nai,
sjcybi,sj cybi,
usebeautyblayva,use beauty blayva,
horseandhuestudio,horse and hue studio,
mailsdk,mail sdk,
nicolawildlingart,nicola wildling art,
karbonemisyontahmin,karbon emisyon tahmin,
onlineweddingchapel,online wedding chapel,
mytailbonehurts,my tailbone hurts,my tail bone hurts
commercialcushions,commercial cushions,
truecurrentelectrolysis,true current electrolysis,
gadesanouni,gadesano uni,
vrealporncoupons,v real porn coupons,
theroofbeat,the roof beat,
fasoluxebeauty,faso luxe beauty,
angedelagrange,ange de la grange,
rvcrate,rv crate,
gidgetsbricks,gidgets bricks,
radiestesiaevolutiva,radiestesia evolutiva,
kosmosresident,kosmos resident,
blissfuleducation,blissful education,
peptidetherapylabs,peptide therapy labs,
dezarraga,dezarraga,
leecg,lee cg,
hopeafterimpact,hope after impact,
improvedbiznsterms,improved bizns terms,
dvslotse,dv slotse,
praynwatch,pray n watch,
ninjahistory,ninja history,
boradedicas,bora de dicas,
restfulnews,restful news,
wecomefirstbysweetnessofvenus,we come first by sweetness of venus,
sgaphealth,sgap health,
veltrixdrive,veltrix drive,
packingservicesnearme,packing services near me,
thebizserum,the biz serum,
stalincenter,stalin center,
plvelionyx,plvelionyx,
thepawatellier,the pawatellier,
artificialintelligencefriend,artificial intelligence friend,
murimstore,murim store,
thedisruptoragent,the disruptor agent,
walkeverywhere,walk everywhere,
bysidestudio,byside studio,
clowduselectric,clowdus electric,
iamraceready,i am race ready,
mornefortunemsllc,morne fortune ms llc,
encontrarperdido,encontrar perdido,
yananhotelshanghai,yanan hotel shanghai,
aurelixshops,aurelix shops,
troiko,troiko,
overpathwin,over path win,
marketedgesignals,market edge signals,
ptnewbie,pt newbie,
clamaria,clamaria,
aiamini,ai amini,
iphoneecia,iphone ecia,
growsoulfulwanderer,grow soulful wanderer,
stonecurrentllc,stone current llc,
swaniganforlife,swanigan for life,
touringvision,touring vision,
veclio,veclio,
urbanyoganyc,urban yoga nyc,
gridreturn,grid return,
registreviatgers,registre viatgers,
nexflteam,nexfl team,
omnimedcourier,omni med courier,
sadentalsantaana,sa dental santa ana,
visiomedag,visio med ag,
dripjutsu,drip jutsu,
midlifeunretired,midlife unretired,
amiranshoes,amiran shoes,
shinealightonpodcast,shine a light on podcast,
cindersoltanning,cinder sol tanning,
labodademariayjose,la boda de maria y jose,
plainbetty,plain betty,
caesarssportbet,caesars sport bet,
consultinglinra,consulting linra,
dileanelson,dilea nelson,
mirdisplay,mir display,
liviatassa,livia tassa,
mevspecialistcare,mev specialist care,
robinsoncriminaldefence,robinson criminal defence,
getlumre,get lumre,
synthetext,synthetext,synthe text
shintaifit,shintai fit,
mirandasfarm,mirandas farm,
sementesdaalmablog,sementes da alma blog,
cfconsultoriafinanceira,cf consultoria financeira,
racialjusticeallience,racial justice allience,
ridiki,ridiki,
luggaire,luggaire,
bizrestructureconsulting,biz restructure consulting,
lavaderolospatrones,lavadero los patrones,
auroten,auroten,
coneuroaxis,co neuro axis,con euro axis
alyssaolivera,alyssa olivera,
mevwallet,mev wallet,
clovrin,clovrin,
embedserve,embed serve,
howardtoryan,howard to ryan,
sunglobals,sun globals,
evolunainstitute,evoluna institute,
tikibuggy,tiki buggy,
ekevi,ekevi,
mariemergoil,mariem erg oil,
trakowsky,trakowsky,
privatepdfconvert,private pdf convert,
ryansvans,ryans vans,
healconnectindia,heal connect india,
pastapen,pasta pen,
financialrestructure,financial restructure,
fishcockgear,fish cock gear,
purplesandwich,purple sandwich,
orbitaloop,orbitaloop,
antiquedogoilpainting,antique dog oil painting,
yenvoq,yenvoq,
fubuslingespn,fubu sling espn,
retenzoapp,retenzo app,
vrcxy,vrcxy,
proudmenopause,proud menopause,
oikofuturmx,oiko futur mx,
addvntrs,add vntrs,
gokceunar,gokce unar,
getcashr,get cashr,
kairosccservice,kairos cc service,
bgorgeousbeautysalon,b gorgeous beauty salon,
chimeraeyes,chimera eyes,
thedinnerinthesky,the dinner in the sky,
fitprinting,fit printing,
mzznstudio,mzzn studio,
mailxore,mail xore,
fsadn,fsadn,
rootedarmshealth,rooted arms health,
commongroundgamesfortworth,common ground games fort worth,
ittstech,itts tech,
singingsleepers,singing sleepers,
teawithmissb,tea with miss b,
localtastesoffranklin,local tastes of franklin,
weatheredwoodpaints,weathered wood paints,
ohmydogoh,oh my dog oh,
xtremerules,xtreme rules,
onionpostagesausage,onion postage sausage,
villasnuevaandalucia,villas nueva andalucia,
companionapplication,companion application,
mintienpham,min tien pham,
momeantapp,momeant app,
yourgreatpa,your great pa,
eudoxf,eudoxf,
lamaisonfrance,la maison france,
ygaasvp,ygaasvp,
vjgwy,vjgwy,
bynasser,by nasser,
dearjosies,dear josies,
localanswerdesk,local answer desk,
corepeptideofficial,core peptide official,
hivibefinance,hi vibe finance,
cookiechrisbakery,cookie chris bakery,
fibistravelhouse,fibis travel house,
digitalserviceshop,digital service shop,
stooremax,stoore max,
ogpksa,ogp ksa,
plutodaisy,pluto daisy,
wealthprotectionbootcamp,wealth protection bootcamp,
desirelytics,desirelytics,desire lytics
upsyntax,up syntax,
ntmfriuhwrnhvx,ntmfriuhwrnhvx,
praxisml,praxis ml,
fireazit,fire azit,
theepoquehotel,the epoque hotel,
evelawrenceofficial,eve lawrence official,
togelbaru,togel baru,
engineeringfolks,engineering folks,
klingbar,kling bar,
dibeeta,di beeta,
fivepawsbikes,five paws bikes,
lonasolutionsllc,lona solutions llc,
rezarise,reza rise,
yurumatch,yuru match,
mumskidsworld,mums kids world,
agritalktech,agri talk tech,
shopnaileditapparel,shop nailed it apparel,
dentapartners,denta partners,
freckelsdesigns,freckels designs,
nucolon,nu colon,
trendlas,trend las,
sriamilatours,sri amila tours,
smmboard,smm board,
peptidetherapylab,peptide therapy lab,
pixysocial,pixy social,
recreationform,recreation form,
simonestpaulsboutiquedart,simone st pauls boutique d art,
enjoydeath,enjoy death,
burgundycelebration,burgundy celebration,
trydictio,try dictio,
aphroditesdelight,aphrodites delight,
greenwavetraffic,green wave traffic,
kreciodigital,krecio digital,
aquaalux,aqua alux,
jrhworld,jrh world,
gyjkaz,gyjkaz,
thefakehamma,the fakehamma,
kleagueuk,k league uk,kleague uk
enyuficient,enyuficient,
rooftoprestaurantsmanhattan,rooftop restaurants manhattan,
tryimpacthealth,try impact health,
smyym,smyym,
thiswayai,this way ai,
stonislaw,stonis law,
colorashs,color ashs,
unifimanager,unifi manager,
comorade,comorade,
jentellectaigroup,jentellectai group,jentellect ai group
theonlyworkspace,the only workspace,
nakayamajibika,nakayama jibika,
themeridianconsulting,the meridian consulting,
atlasevdeneve,atlas evden eve,
raxigamez,raxi gamez,
thesilverbranchmethod,the silver branch method,
gradaisle,grada isle,
primecutsbodybuilding,prime cuts bodybuilding,
chocoblissbox,choco bliss box,
hyperaliens,hyper aliens,
lammitox,lammitox,
apptofounder,app to founder,
ivyrenovation,ivy renovation,
mishanaimandesignandfabrication,misha naiman design and fabrication,
calitapp,calit app,
rainbowglobalschool,rainbow global school,
copilotwhiskey,copilot whiskey,
highlifepetcare,high life pet care,
gigutils,gig utils,
viralselections,viral selections,
mobonit,mob on it,
xinxinedu,xin xin edu,xinxin edu
promodroptoday,promo drop today,
empressexpressinc,empress express inc,
yosemitehilltopstay,yosemite hilltop stay,
dfrntmaterial,dfrnt material,
getjcleads,get jc leads,
getmediaforge,get mediaforge,get media forge
bennyzz,benny zz,
tyqxx,tyqxx,
modantacanta,modanta canta,
thaihealthycannabistour,thai healthy cannabis tour,
katelynbperry,katelyn b perry,
wearnoosa,wear noosa,
thegoodbrothco,the good broth co,
eonedendesign,eon eden design,
maddoxchiropracticnh,maddox chiropractic nh,
krovet,krovet,
knicknacknest,knicknack nest,knick nack nest
uniformtubehq,uniform tube hq,
jeffreysurfelsalvador,jeffrey surf el salvador,
subpurrfi,subpurr fi,
ccombs,ccombs,
delhiredevelopmentauthority,delhi redevelopment authority,
phamnu,pham nu,
benmaimon,ben maimon,
jwcuratedcollection,jw curated collection,
cuttheloop,cut the loop,
dawayi,dawayi,
idiomflow,idiom flow,
dolfark,dolfark,
lyfcwr,lyfcwr,
hypercreationchamber,hyper creation chamber,
onlineguruz,online guruz,
singerpaints,singer paints,
dinkstack,dink stack,
vaeult,vaeult,
jeynnaccesorios,jeynn accesorios,
pinellaswebstudio,pinellas web studio,
nezaroadhouse,neza roadhouse,
richrico,rich rico,
bracedtogrow,braced to grow,
caseeater,case eater,
pansena,pansena,
summitsmash,summit smash,
kailiuyan,kai liu yan,kailiu yan
naukaripulse,naukari pulse,
rmalawassociates,rma law associates,
sillyfits,silly fits,
makeupvlu,makeup vlu,
velorapanties,velora panties,
acciosticmeals,acciostic meals,
caselegis,case legis,
rotpodcast,rot podcast,
mtwpeptides,mtw peptides,
bidtruemetric,bid true metric,
theblindstonecowboy,the blind stone cowboy,
otakarakanteidan,otakara kanteidan,
govmency,gov mency,
providermoveradar,provider move radar,
gloaestheticsspa,glo aesthetics spa,
smfhooks,smf hooks,
jettsmobiledetail,jetts mobile detail,
maatworks,maat works,
kenoshacityecu,kenosha city ecu,
medicaldiagnosticllc,medical diagnostic llc,
thetaghost,theta ghost,the tag host
valetfind,valet find,
dannissim,dan nissim,
trysmartcounsel,try smart counsel,
shopzencorner,shop zen corner,
miaandmoreminnesota,mia and more minnesota,
aydindaasansorlutasimacilik,aydinda asansorlu tasimacilik,
autonomouscapitalmarkets,autonomous capital markets,
cheapaicredit,cheap ai credit,
zyndioscam,zyndio scam,
rreacher,r reacher,
alcanarai,alcanar ai,
cryptopoolhall,crypto pool hall,
eddieshop,eddie shop,
rawdisplay,raw display,
rokeycm,rokey cm,
aavotpro,aavot pro,
projectfinishco,project finish co,
gauteddy,gau teddy,
datanvala,data nvala,
leanaandersonnotary,leana anderson notary,
edwnetworks,edw networks,
jourdancharlie,jourdan charlie,
cashforteststripscolumbus,cash for test strips columbus,
mvelvet,m velvet,
ignitestrat,ignite strat,
bunnysmilesincorporated,bunny smiles incorporated,
netkameleon,net kameleon,
emotionsdetective,emotions detective,
balboafertilizers,balboa fertilizers,
originseoul,origin seoul,
zuchman,zuchman,
letsbuythecaps,lets buy the caps,
helpbf,help bf,
prostartaxfiling,pro star tax filing,
carhux,carhux,
ccidiline,cci diline,
abdulrahmanalshiblawi,abdulrahman alshiblawi,
gmexrentals,gmex rentals,
sensetogether,sense together,
brigbook,brig book,
dawgtalks,dawg talks,
waldenandfinch,walden and finch,
haisanngonkhanhnguyen,hai san ngon khanh nguyen,
sweetswirlva,sweet swirl va,
reemedicall,ree medicall,
agitoolhunt,agi tool hunt,
agaveazulresort,agave azul resort,
mhboatworksllc,mh boatworks llc,
cqjhzyg,cq jhzyg,
ppinteriordesign,pp interior design,
datmangden,dat mang den,
serenitysolutionsllc,serenity solutions llc,
bluewavefr,blue wave fr,
happyhookclub,happy hook club,
novusqueststudio,novus quest studio,
capemaywaterrestoration,cape may water restoration,
chocoblissgifts,choco bliss gifts,
christianeboutyk,christiane boutyk,
locallyon,locally on,
nanyanachas,nanyana chas,
lashclusterlove,lash cluster love,
derrickcolemanrealtor,derrick coleman realtor,
novaudios,nov audios,
dbltotoqute,dbl toto qute,
disciplineinmotion,discipline in motion,
blainescott,blaine scott,
tensorequalizer,tensor equalizer,
tropeainbarcaconalessandro,tropea in barca con alessandro,
agenteobra,agente obra,
xishiwu,xi shi wu,xishi wu
elytrasync,elytra sync,
ranfodesigns,ranfo designs,
modiffepartner,modiffe partner,
glowlique,glow lique,
drofens,drofens,
pharmabrainstorm,pharma brainstorm,
yorkietwink,yorkie twink,
reagleart,reagle art,
gorkhalisathi,gorkhali sathi,
calderastudiohi,caldera studio hi,
cheopehealth,cheope health,
diamondollardeals,diamond ollar deals,
cronullahandyman,cronulla handyman,
vitrinimmobilien,vitrin immobilien,
nudorabeauty,nudora beauty,
mohrabksa,mohrab ksa,
protierservices,pro tier services,
lomahair,loma hair,
diagpen,diag pen,
hyroxmotel,hyrox motel,
justinmixes,justin mixes,
bvsathunder,bvsa thunder,
tiroljournal,tirol journal,
wheretofindmud,where to find mud,
westtexassex,west texas sex,
writingforfuncom,writing for fun com,
kgfpower,kgf power,
aneyeforbrows,an eye for brows,
leadthedistance,lead the distance,
getatmeandcasey,get at me and casey,
suresightai,sure sight ai,
wowappli,wow appli,
flightschoolcannabis,flight school cannabis,
oneelevenmarketingstudio,one eleven marketing studio,
labosplus,labos plus,
bathopenchristmas,bath open christmas,
hockingcountydemocrats,hocking county democrats,
smithforestryservices,smith forestry services,
nynjcm,ny njcm,
collateralrisksystems,collateral risk systems,
homingfund,homing fund,
songcreationstudio,song creation studio,songcreation studio
wallandberg,wall and berg,
blushingtruths,blushing truths,
techshopx,tech shop x,
aiinovationlabs,ai inovation labs,
mybagstuff,my bag stuff,
lounejamashop,loune jama shop,
datatundra,data tundra,
ocatotosetia,ocato to setia,
tutejidi,tute jidi,
portafoliodanielmatos,portafolio daniel matos,
myvantors,my vantors,
thesilviagroup,the silvia group,
europeancompound,european compound,
scanthedate,scan the date,
bonnymary,bonny mary,
alejandravitamedia,alejandra vita media,
vinguyenrt,vi nguyen rt,
bkbetloginj,bk bet login j,
aisevn,ai sevn,
itsmyhelper,its my helper,
goleadrecovery,go lead recovery,
associatesinbusiness,associates in business,
bestkm,best km,
otterfans,otter fans,
kimsejeong,kim sejeong,
southafricangamingawards,south african gaming awards,
pixelpubagency,pixel pub agency,
pamelabakertherapist,pamela baker therapist,
thecyberassassins,the cyber assassins,
thefamilysignal,the family signal,
yorbin,yorbin,
dubaicarauction,dubai car auction,
jxycqx,jx ycqx,
buydecisionai,buy decision ai,
linusochlussan,linus och lussan,linus ochlussan
storybymichele,story by michele,
geenahsstitches,geenahs stitches,
easibots,easi bots,
thecrochetuniversity,the crochet university,
maisonvesta,maison vesta,
omegaac,omega ac,
vigoriter,vigor iter,
bitnetinc,bitnet inc,
lipstickwhistle,lipstick whistle,
quranformanymuslims,quran for many muslims,
hizlinakliyatt,hizli nakliyatt,
beikaole,bei kao le,
hseigatorsnews,hseigators news,
qnlengineering,qnl engineering,
construinsumos,construinsumos,
riptideswimmer,riptide swimmer,
yahirmoo,yahir moo,
xamaris,xamaris,
bayboll,bay boll,
expertwitnesslitigation,expert witness litigation,
countriesinfo,countries info,
ainogap,ai no gap,
desatascostarraco,desatascos tarraco,
aidiscussiongroup,ai discussion group,
elshroukexhibition,el shrouk exhibition,
socaldubs,so cal dubs,
mimoskids,mimos kids,
tailsintransition,tails in transition,
supertinyhouse,super tiny house,
irfanmuhammad,irfan muhammad,
englishruffin,english ruffin,
netmergesolutions,net merge solutions,
cvbulmak,cv bulmak,
jffavelatour,jf favela tour,jff avela tour
coreyaesthetics,corey aesthetics,
antoniospizzeriarestaurantmenu,antonios pizzeria restaurant menu,
mauimobileautoservice,maui mobile auto service,
protectingpawsss,protecting pawsss,
joevanworks,joe van works,
talkwithdanny,talk with danny,
bigortel,big or tel,
ixcos,ixcos,
usony,u sony,us ony
breizhprivatechef,breizh private chef,
snxrussia,snx russia,
robertofarinacci,roberto farinacci,
stoneweatherholdings,stone weather holdings,
mutechservice,mu tech service,
bbsbakingcorner,bbs baking corner,
songkangofficial,songkang official,
ttkqzhibo,tt kq zhibo,ttkq zhibo
enginejoy,engine joy,
naplesfishingtours,naples fishing tours,
ecoimmersive,eco immersive,
ingomode,ingo mode,
chotok,chotok,
unreproomail,unreproomail,
conhus,conhus,
hansjuergenkrahl,hans juergen krahl,
steinfacialplastics,stein facial plastics,
aurapera,aura pera,
ailmapothecary,ailm apothecary,
hsmskincare,hsm skincare,
autooutletofpa,auto outlet of pa,
schsvilc,schs vilc,
myperipro,my peri pro,
noviqera,noviq era,
dreamzio,dream zio,
fanlysports,fanly sports,
armclgt,arm clgt,
tiniplace,tini place,
polestarlights,polestar lights,pole star lights
guzellikajandam,guzellik ajandam,
lvnmredesigns,lvnm redesigns,
iamsimplyshar,i am simply shar,
planflexai,planflex ai,plan flex ai
lumiskyastrology,lumi sky astrology,
jnominees,j nominees,
brieflyheard,briefly heard,
ultimateironworks,ultimate iron works,
nevidimkavpn,nevidimka vpn,
countdownbuddy,countdown buddy,
spainpropertydealcheck,spain property deal check,
banglalinkennovators,banglalink ennovators,
farhadqarar,farhad qarar,
guardmybag,guard my bag,
suncoastunltd,suncoast unltd,
autonomixagents,autonomix agents,
padariaeconfeitarianovaparaiso,padaria e confeitaria nova paraiso,
blessednet,blessed net,
salinemichiganpilates,saline michigan pilates,
kdramafan,k drama fan,
litigaatlaw,litigaat law,
makeupxjessica,makeup x jessica,
cakefaucet,cake faucet,
tinytotsdaycaresolution,tiny tots daycare solution,
rolltoreality,roll to reality,
agadgetsconnect,a gadgets connect,
natureclature,natureclature,
gameontheseventhcontinent,game on the seventh continent,
koxyli,koxyli,
trueconspiracytheories,true conspiracy theories,
lelasimone,lela simone,
zetacontrol,zeta control,
hospitalityintelligencegroup,hospitality intelligence group,
sahabatholiday,sahabat holiday,
nataliewan,natalie wan,
vouchshot,vouch shot,
slothguide,sloth guide,
freeflowphone,free flow phone,
thesoaringcompany,the soaring company,
hubsocials,hub socials,
drinkdeify,drink deify,
aegismeridiangroup,aegis meridian group,
personaliselive,personalise live,
americaguitars,america guitars,
theluxepotionco,the luxe potion co,
milsentimientos,mil sentimientos,
agritecturehub,agritecture hub,
maumlabs,maum labs,
abocarswraps,abo cars wraps,
nightofourlife,night of our life,
churchofgodinnorthshore,church of god in north shore,
gestureteam,gesture team,
tempermarkets,temper markets,
historicalforresteducation,historical forrest education,
pomakkizinintakilari,pomak kizinin takilari,
skrobin,sk robin,
berrygoaround,berry go around,
diplomadefacul,diploma de facul,
kantoskiosk,kantos kiosk,
casbuildingservices,cas building services,
auraearspa,aura ear spa,
hbhvacationrentals,hbh vacation rentals,
swingtradingthemarkets,swing trading the markets,
pibhartford,pib hartford,
neurorhei,neuro rhei,
roudouhakuso,roudou hakuso,
byrolly,by rolly,
vedikaastrology,vedika astrology,
cebutourservicetaxi,cebu tour service taxi,
srfrequenz,sr frequenz,
ddownloadcloud,d download cloud,
openpolitical,open political,
bouldmax,bould max,
turhanbarlas,turhan barlas,
qscang,qs cang,
danteandrebecca,dante and rebecca,
highcoolhvac,high cool hvac,
kpiblackbox,kpi black box,
ispectors,ispectors,
lonimenendez,loni menendez,
maioriconcierge,maiori concierge,
lucasbig,lucas big,
righttopublish,right to publish,
joeshyster,joe shyster,
helioquantum,helio quantum,
bottledbrooklyn,bottled brooklyn,
gcmnova,gcm nova,
demetsarikayayazili,demet sarikaya yazili,
vettafied,vettafied,
closedink,closed ink,
easiestsolutions,easiest solutions,
cjsyourbugguy,cjs your bug guy,
emberandauracoaching,ember and aura coaching,
retentioncopywriting,retention copywriting,
samikshagawali,samiksha gawali,
logmerchandising,log merchandising,
payarq,pay arq,
craceshop,crace shop,
thecolumbusbrief,the columbus brief,
muchnoted,much noted,
getresethome,get reset home,
lilipoxin,lili poxin,
safeharbormoves,safe harbor moves,
janemanneditorial,jane mann editorial,
covenantbuyershome,covenant buyers home,
carbonstandards,carbon standards,
ecopropertysolutions,eco property solutions,
lenderlogicai,lenderlogic ai,lender logic ai
wingsstopp,wings stopp,
astrosytarot,astros y tarot,
mallorcaboatday,mallorca boat day,
doveandbelleaesthetics,dove and belle aesthetics,
caribagrihub,carib agri hub,caribagri hub
iamoasis,i am oasis,
motifessence,motif essence,
origensexperiencias,origens experiencias,
studiostockmarket,studio stock market,
azconsultingco,az consulting co,
larajealous,lara jealous,
isaromasperfumeria,is aromas perfumeria,
everybath,every bath,
apkharumwin,apk harum win,
parrotbill,parrot bill,
ridehera,ride hera,
toneveryday,ton everyday,ton every day
threecshtx,three csh tx,
idrkingyou,i dr king you,
cawineryroad,ca winery road,
ryansroyalgreatdanes,ryans royal great danes,
chinathewigslayer,china the wig slayer,
diablocn,diablo cn,
createinboldcolor,create in bold color,
aihuichang,ai hui chang,
betterthanyoutube,better than youtube,
gruelca,gruel ca,
danteriverass,dante rivera ss,
funkyfishclub,funky fish club,
neuralsym,neural sym,
buytktxonline,buy tktx online,
velvetbeautyofficial,velvet beauty official,
vidileo,vidileo,
iprhb,iprhb,
boutiquevinko,boutique vinko,
alterlynk,alter lynk,
billybinge,billy binge,
fullmoonclothing,full moon clothing,
recallmeridian,recall meridian,
dailybookbd,dailybook bd,daily book bd
carpbuiltfnl,carp built fnl,
markeramdia,marker amdia,
attendboard,attend board,
runwayvistas,runway vistas,
badtwincapadvisory,bad twin cap advisory,
entrychatpro,entry chat pro,
unrealpsyker,unreal psyker,
qbaministry,qba ministry,
optenalabs,optena labs,
snugrow,snugrow,snug row
anulpha,anulpha,
novavibellc,nova vibe llc,
probigwin,pro big win,
europeptidelabs,euro peptide labs,
montrosemenagerie,montrose menagerie,
goinbetappj,goin bet appj,
fixbizdbt,fix biz dbt,
jserenitylogisticsllc,j serenity logistics llc,
kanzenco,kanzen co,
reignto,reign to,
dozierwear,dozier wear,
arieteinformatica,ariete informatica,
yunbiansy,yun bian sy,
youotterknowscience,you otter know science,
humanintegrationlab,human integration lab,
solveddaily,solved daily,
philiphealthcare,philip healthcare,
thyroidresetmethod,thyroid reset method,
sexysounddesign,sexy sound design,
betdossonhos,bet dos sonhos,
camilaalghamdi,camila alghamdi,
kansashumane,kansas humane,
novogranexpress,novo gran express,
pokemonylasesferasdeldragon,pokemon y las esferas del dragon,
tassietownsteading,tassie townsteading,
iconicauthority,iconic authority,
thepdfguideyouneed,the pdf guide you need,
allioraofficial,alliora official,
novahomepropertyllc,nova home property llc,
muncarventures,muncar ventures,
shadowstaffglobal,shadow staff global,
thepulas,the pulas,
shopoldpike,shop old pike,
miartefloripa,mi arte floripa,
tryinstantfit,try instant fit,
sparraofficial,sparra official,
luxuslimos,luxus limos,
ogcustomengraving,og custom engraving,
jjsne,jj sne,
fashionadvocatebooster,fashion advocate booster,
anchormotelsurfside,anchor motel surfside,
lufainvest,lufa invest,
webdealpro,web deal pro,
graniteharborprotection,granite harbor protection,
antonioalexandermusic,antonio alexander music,
kastatotosuka,kasta toto suka,
belloblooms,bello blooms,
schooltrusts,school trusts,
telepekcing,tele pekcing,
mrsbeadsley,mrs beadsley,
veronicaemarketing,veronica e marketing,
heatherdalal,heather dalal,
ehrbpsmcojnrjsf,ehrbpsmcojnrjsf,
chefchoicecatering,chef choice catering,
hyundaimultistatenginesettlement,hyundai multi stat engine settlement,
homnestora,homnestora,
jbizzlecreative,j bizzle creative,
theaurumsol,the aurum sol,
beachpreach,beach preach,
gravemarkindustries,gravemark industries,
usautojobs,us auto jobs,
ogmasala,og masala,
moreoneai,more one ai,
everisto,everisto,
expresspaintmi,express paint mi,
hiddenticks,hidden ticks,
vuaquatet,vua qua tet,
lubuloom,lubu loom,
mulosglow,mulos glow,
voteheatherr,vote heather r,
annaslovelyplants,annas lovely plants,
mojikoshinseikai,moji koshin seikai,
tuoxinrenli,tuo xin ren li,tuoxin renli
truckerblockade,trucker blockade,
diniagovernance,dinia governance,
trivusritual,trivus ritual,
skyhavenvillage,sky haven village,
themindroot,the mindroot,the mind root
lindenroan,linden roan,
experiencemodernluxury,experience modern luxury,
sitelifecycleadvisors,site lifecycle advisors,
ascenteye,ascent eye,
carasleadlearn,caras lead learn,
heartpassionhomecare,heart passion home care,
wholeheartedministry,wholehearted ministry,
granapagoneuropeo,gran apagon europeo,
alltechmeter,all tech meter,
taxstrategybootcamp,tax strategy bootcamp,
sertoplas,sertoplas,
aawacademy,aaw academy,
marketobadigital,market oba digital,
yeomanops,yeoman ops,
gardenhousewellness,garden house wellness,
daniparne,dani parne,
menopausenomad,menopause nomad,
faelightrealms,faelight realms,fae light realms
madcoolsocial,mad cool social,
bereavementlawyers,bereavement lawyers,
altimaccounseling,altimac counseling,
dortsecenek,dort secenek,
vikokala,viko kala,
dilanizol,dilanizol,
cobaltmaize,cobalt maize,
taxgroupflorida,tax group florida,
mystoraco,my storaco,
bolojogo,bolo jogo,
newsolutionsusa,new solutions usa,
orbitelectronicsys,orbit electronic sys,
videoacoustics,video acoustics,
chibajetsfan,chiba jets fan,
mchvacrepair,mc hvac repair,
lysiasai,lysias ai,
densusvip,densus vip,
quietcartel,quiet cartel,
sightseeningshinjuku,sightseening shinjuku,
lowkeylattes,lowkey lattes,low key lattes
evgridview,ev grid view,
triadadesigndallas,triada design dallas,
yealula,yealula,
mowmytails,mow my tails,
guatecenter,guate center,
vistaorion,vista orion,
exodiaweb,exodia web,
noahhunton,noah hunton,
liaojietech,liaojie tech,
kwsportsnj,kw sports nj,
fairpriceflip,fair price flip,
absilia,absilia,
uniliance,uniliance,
onealweng,oneal weng,
tumantra,tu mantra,
fenwayfoxandfriends,fenway fox and friends,
wildfleurcrystals,wildfleur crystals,
luccamietto,lucca mietto,
xuchangshun,xu chang shun,xuchang shun
greywelltaxsolutions,greywell tax solutions,
tryfreshie,try freshie,
ciaranhodgins,ciaran hodgins,
soaplords,soap lords,
dietforhs,diet for hs,
marineburet,marine buret,
bridgeukmedia,bridge uk media,
hirerivco,hire riv co,
mindbendapp,mindbend app,mind bend app
lumepetz,lume petz,
entreprenewsletters,entreprenewsletters,
canllss,canllss,
mayabistudio,maya bi studio,
relvory,relvory,
aidrivatech,ai driva tech,
jansonsmedicalcenter,jansons medical center,
giftgazette,gift gazette,
idealhomenasiri,ideal home nasiri,
blackcatartisangoods,black cat artisan goods,
mobilesetu,mobile setu,
institutovemviver,instituto vem viver,
cleosvintagecloset,cleos vintage closet,
abhishekwebtech,abhishek web tech,
axkjy,axkjy,
nytgamehints,nyt game hints,
racquetballalberta,racquetball alberta,
polskaturnusy,polska turnusy,
pinadaniel,pina daniel,
slimthortattoo,slim thor tattoo,
nocodebacktest,nocode backtest,no code backtest
modkurssincan,mod kurs sincan,
thesecretplaceco,the secret place co,
ngmcarolinas,ngm carolinas,
chiefexecutivehumans,chief executive humans,
shabbattablemiami,shabbat table miami,
vallaxlabs,vallax labs,
hadcamposjr,had campos jr,
rhamboodigital,rhamboo digital,
boomerliscious,boomer liscious,
arbilliardsapp,ar billiards app,
kyoyuijika,kyoyu ijika,
allydraws,ally draws,
lucyrobe,lucy robe,
issuebreaker,issue breaker,
cinestreetmedia,cine street media,
borrowedhours,borrowed hours,
merrittfineproperties,merritt fine properties,
errandally,errand ally,
nhahaotam,nha hao tam,
electionenjoyer,election enjoyer,
boutquet,boutquet,
thestreetdisciple,the street disciple,
casefilecollectibles,case file collectibles,
medikalsagliktaxi,medikal saglik taxi,
wallpapercelebrity,wallpaper celebrity,
ydayo,ydayo,
shimaacademy,shima academy,
apkbotakita,apk bota kita,
pupganicsco,pup ganics co,
emfprotections,emf protections,
wreathnithra,wreath nithra,
qiumifanwang,qiu mi fan wang,qiumifan wang
ecleor,ecleor,
bargebuddy,barge buddy,
chiccasushi,chicca sushi,
marinafamilychildycare,marina family childy care,
getbentsolutions,get bent solutions,
fluenceforge,fluence forge,
perdidokeymilitaryhousing,perdido key military housing,
tldpool,tld pool,
theintelligencelist,the intelligence list,
japaneseknive,japanese knive,
kavextrade,kavex trade,
lamaisonbarbara,la maison barbara,
himmiagroup,himmia group,
celebratepickspro,celebrate picks pro,
baabukusa,baabuk usa,
onlineunicrdthungary,online unicrdt hungary,
ulzain,ulzain,
thissystemisexploding,this system is exploding,
sizemoresyndicate,sizemore syndicate,
duotransit,duo transit,
batdongsankbang,bat dong san k bang,
myagentland,my agent land,
actorsplaylab,actors play lab,
prognipipworks,progni pip works,
camelmills,camel mills,
kyanaya,kyanaya,
zorasolange,zora solange,
wfaqspace,wfaq space,
shanglp,shang lp,
gabrielafreire,gabriela freire,
centsandscale,cents and scale,
anamikadas,anamika das,
getmetamarket,get metamarket,get meta market
esohbetyer,esohbet yer,
kpvfeedback,kpv feedback,
builtstrongllc,built strong llc,
seanalex,sean alex,
connerryanmd,conner ryan md,
lillyandfriendsusa,lilly and friends usa,
osmancanaltinkaynak,osman can altin kaynak,
scandukaan,scandukaan,
simplysatisfiednutrition,simply satisfied nutrition,
janeloukes,jane loukes,
cargaexchange,carga exchange,
thepoloshirtstore,the polo shirt store,
oddump,od dump,
findingvince,finding vince,
neoluxbranding,neo lux branding,
norynwear,noryn wear,
nawartpress,nawart press,
fitbaylab,fit bay lab,
registrationbiz,registration biz,
auroracompanions,aurora companions,
izziesboutique,izzies boutique,
salimabdullah,salim abdullah,
jabsicecream,jabs ice cream,
haitibarber,haiti barber,
jeveconstruction,jeve construction,
truetrackeg,true track eg,
bettertermsnow,better terms now,
drkylahriengeuttend,dr kylahrien geuttend,
centraldispatchmoving,central dispatch moving,
cadenzya,cadenzya,
miairaq,mia iraq,
thelouisvillebrief,the louisville brief,
pimcoaiarbit,pimco ai arbit,
vivapureco,viva pure co,
hamrovasati,hamro vasati,
titlechainai,title chain ai,
betesdacuritiba,betesda curitiba,
ockfleetholdings,ock fleet holdings,
taekrflow,taekr flow,
pnwpchelp,pnw pc help,
thechronotarot,the chrono tarot,
seescapeedgejourney,seescape edge journey,see scape edge journey
hesshvac,hess hvac,
semincicekevi,semin cicek evi,
laramus,laramus,
brokenponyartistry,broken pony artistry,
oportunidadeslotes,oportunidades lotes,
ariixpresentation,ariix presentation,
spanhold,span hold,
ukcontractclause,uk contract clause,
superfoodvillages,superfood villages,super food villages
ulsterforsafety,ulster for safety,
zahancapital,zahan capital,
doosraleague,doosra league,
cozyfinances,cozy finances,
restaurantsgreeceny,restaurants greece ny,
eurpassmails,eur pass mails,
enhizlihosteskim,en hizli hosteskim,
globalairetech,global aire tech,
formvuelab,form vue lab,
currenlinksystem,curren link system,
atsverification,ats verification,
precisionsmarttechnology,precision smart technology,
brimmerstudio,brimmer studio,
qualityventurenh,quality venture nh,
gashelbywatch,ga shelby watch,
dotubi,dot ubi,
wasatchmountainviews,wasatch mountain views,
inveniamgroup,inveniam group,
luminarehomes,luminare homes,
biznisizaekrana,biznisi za ekrana,
callbillyhvac,call billy hvac,
officiology,officiology,
toolsrankr,tools rankr,
osheaspubpoker,osheas pub poker,
tikundelcaos,tikun del caos,
mainpms,main pms,
junenix,junenix,
swimamericahamptonroads,swim america hampton roads,
rosewallprints,rose wall prints,
aimarketingforschools,ai marketing for schools,
zhaiacgb,zhai acgb,
tadowgroup,tadow group,
polluxdevs,pollux devs,
coldturbo,cold turbo,
drdickandnancywalker,dr dick and nancy walker,
douglascouto,douglas couto,
tsotrecords,tsot records,
viralshoppp,viral shoppp,
venmosuppor,venmo suppor,
cjoselouis,c jose louis,
triplesuntravel,triple sun travel,
chiarapappalardo,chiara pappalardo,
kikerstats,kiker stats,
miamiepoxypros,miami epoxy pros,
petozic,petozic,
jaguarofchicago,jaguar of chicago,
novpeptide,nov peptide,
shotlylab,shotly lab,
unbaisy,unbaisy,
xathya,xathya,
sczyp,sczyp,
ethiplan,ethi plan,
juangfarm,juang farm,
paolasculpteur,paola sculpteur,
diyaluminum,diy aluminum,
yqfqd,yqfqd,
wyomingregistrar,wyoming registrar,
pakyields,pak yields,
asihominins,asi hominins,
orderchickenandwaffleshouse,order chicken and waffles house,
markaisim,marka isim,
himmiaprecision,himmia precision,
azprecisionmachining,az precision machining,
selahscrubs,selah scrubs,
jewelcalcai,jewel calc ai,
neuronship,neuron ship,
almalehhouse,almaleh house,
medicexum,medic exum,
lefttotime,left to time,
littledreamersstore,little dreamers store,
karemlash,karem lash,
skillzoneacademy,skill zone academy,
chamove,cha move,
handymansalem,handyman salem,
deckermachinery,decker machinery,
lavistaenergy,la vista energy,
luvicz,luvicz,
jillbbakingco,jill b baking co,
platoav,plato av,
wobaro,wobaro,
capecodfengshui,cape cod feng shui,
flashvaultdeals,flash vault deals,
rbfamilyadventures,rb family adventures,
glasfaserai,glasfaser ai,
pdfguidesforparents,pdf guides for parents,
shoplumaglow,shop luma glow,
sunsinai,sun sinai,
beanaminutecoffee,bean a minute coffee,
sulecantekin,sule can tekin,sulecan tekin
edwinspira,edwin spira,
birukfare,biruk fare,
littlemalbec,little malbec,
standoutspeakerscollective,standout speakers collective,
paragonestateng,paragon estate ng,
deliverablesniper,deliverable sniper,
tampabeachrentals,tampa beach rentals,
tvoiashina,tvoia shina,
everlightrevenue,everlight revenue,
formvuenext,form vue next,
gamerescrow,gamer escrow,
beforesending,before sending,
ideafundguard,idea fund guard,
arabicgenerator,arabic generator,
roimaximizers,roi maximizers,
badgirlslovegod,bad girls love god,
muzeumpzzkozlow,muzeum pzz kozlow,
futurewiththewizard,future with the wizard,
jouans,jouans,
natashavelez,natasha velez,
sailorsoftph,sailor soft ph,
squareonelabtesting,square one lab testing,
ortodonciajorgecandia,ortodoncia jorge candia,
crustleysbakery,crustleys bakery,
apexmarketiq,apex market iq,
neuropian,neuropian,
simplefiletransfer,simple file transfer,
wallroad,wall road,
reishidynasty,reishi dynasty,
failrun,fail run,
seduniagroup,sedunia group,
villasbygeorge,villas by george,
mlapr,mlapr,
michaelfinds,michael finds,
eloboostfast,elo boost fast,
ipcats,ip cats,
carboneuro,carbon euro,
khanapinaa,khana pinaa,
angrystone,angry stone,
baalnest,baal nest,
elizabetharena,elizabeth arena,
undergroundwaters,underground waters,
godsfeedinghands,gods feeding hands,
grintrove,grin trove,
gzsaimi,gz saimi,
getleadflowai,get lead flow ai,
jiangsudajiang,jiang su da jiang,jiangsu da jiang
performanceedgemotorsport,performance edge motorsport,
studiolochet,studio lochet,
allviagraed,all viagra ed,
agentspays,agents pays,
secondgearacademy,second gear academy,
evcamionetas,ev camionetas,
whipdcream,whipd cream,
agentelistoia,agente listo ia,
gulfcoastsecuritysolutions,gulf coast security solutions,
impactstrategie,impact strategie,
wwwsofies,www sofies,
letsbuyspirtair,lets buy spirtair,
juancamiloescobar,juan camilo escobar,
premiermobilenotaryservices,premier mobile notary services,
nikhilvincent,nikhil vincent,
missinflunce,miss influnce,
gputrack,gpu track,
sanchibufz,sanchi bufz,
learnkanjiwriting,learn kanji writing,
synapsehex,synapse hex,
zhouyanna,zhou yan na,zhou yanna
osaige,osaige,
vetbillplaybook,vet bill playbook,
chloecai,chloe cai,
affordablediscjockey,affordable disc jockey,
stozar,stozar,
nexodigitaluy,nexo digital uy,
trenchlessos,trenchless os,
walkdownmain,walk down main,
xbasicx,x basic x,
keepgoingshop,keep going shop,
lantipode,l antipode,
clevernutritionbrand,clever nutrition brand,
shellasiaconnect,shell asia connect,
bigneedih,big need ih,
mbqzvnyk,mbqzvnyk,
junmeat,jun meat,
magpiehealthcontent,magpie health content,
justicelabcrm,justice lab crm,
istanbulescorte,istanbul escorte,
laquerd,la querd,
fleurblancheclothing,fleur blanche clothing,
dreamlogicartists,dream logic artists,
superzealous,super zealous,
homedecordreams,home decor dreams,
beautybyjackiehays,beauty by jackie hays,
westwindservices,west wind services,
parkinsonsartisansct,parkinsons artisans ct,
lumialaria,lumi alaria,
diamantejourneys,diamante journeys,
amymayhem,amy mayhem,
labspinllc,lab spin llc,
irmaksahinoglu,irmak sahinoglu,
pnrclubstore,pnr club store,
partydecora,party decora,
ofisvagonu,ofis vagonu,
armankhanpathan,arman khan pathan,
venvirostech,venviros tech,
unbeached,unbeached,
flpfsqgjsarghs,flpfsqgjsarghs,
mexpresssolutions,m express solutions,
grupodeveru,grupo de veru,
thebootball,the boot ball,
sellmyhondaaccord,sell my honda accord,
muezan,muezan,
laurestevens,laure stevens,
towerandcoil,tower and coil,
federicamazzotta,federica mazzotta,
kunuzm,kunuzm,
cfbfantasyzone,cfb fantasy zone,
scalezup,scale zup,
cyprusguided,cyprus guided,
ipbblaw,ipbb law,
tradeactivities,trade activities,
fibroshieldco,fibroshield co,fibro shield co
maxsmartwash,max smart wash,
capecodhvacconnect,cape cod hvac connect,
grubflatfarm,grub flat farm,
mosaicversa,mosaic versa,
guesstf,guess tf,
libretasroca,libretas roca,
poppyfieldspress,poppy fields press,
mariohq,mario hq,
nestwisedirect,nest wise direct,
iskifresh,i ski fresh,
vickywhitegardendesign,vicky white garden design,
kurvion,kurvion,
sageore,sage ore,
corefirststudios,core first studios,
scalesbydavid,scales by david,
barkhatalkhair,barkhat al khair,
verifiedbynature,verified by nature,
vbsfoundations,vbs foundations,
zanshinmembers,zanshin members,
bmorestreethockey,bmore street hockey,
fraktbaten,frakt baten,fraktbaten
sotekar,sotekar,
courtsideviewapp,courtside view app,
nosugarspike,no sugar spike,
tempestdirect,tempest direct,
lanjingtiyulive,lan jing tiyu live,lanjing tiyu live
piceish,pice ish,
baruchwealth,baruch wealth,
driveamazon,drive amazon,
desertbeautyglow,desert beauty glow,
galilou,galilou,
